#SpecFile	SpecID	ScanNum	FragMethod	Precursor	IsotopeError	PrecursorError(ppm)	Charge	Peptide	Protein	DeNovoScore	MSGFScore	SpecEValue	EValue
120706O2c1_LZ-MvD-0297-MabCampth-trypsin_007.mzXML	scan=1425	1425	HCD	1041.0159	0	7.3874826	4	VQWKVDNALQSGNSQESVTEQDSKDSTYSLSSTLTLSK	MabCampath(pre=K,post=A)	223	204	2.4046436E-35	1.5942786E-32
120706O2c1_LZ-MvD-0297-MabCampth-trypsin_007.mzXML	scan=1864	1864	HCD	1313.627	0	0.18585236	3	FSGSGSGTDFTFTISSLQPEDIATYYC+57.021LQHISRPR	MabCampath(pre=R,post=T)	238	215	1.0210576E-31	6.769611E-29
120706O2c1_LZ-MvD-0297-MabCampth-trypsin_007.mzXML	scan=2030	2030	HCD	1014.02466	0	-0.54171866	4	TVAAPSVFIFPPSDEQLKSGTASVVC+57.021LLNNFYPREAK	MabCampath(pre=R,post=V)	209	179	1.2409896E-31	8.227761E-29
120706O2c1_LZ-MvD-0297-MabCampth-trypsin_007.mzXML	scan=2126	2126	HCD	1242.3083	0	1.6704378	3	TVAAPSVFIFPPSDEQLKSGTASVVC+57.021LLNNFYPR	MabCampath(pre=R,post=E)	258	227	3.206773E-31	2.1260904E-28
120706O2c1_LZ-MvD-0297-MabCampth-trypsin_007.mzXML	scan=1239	1239	HCD	798.6592	0	-0.07642203	4	GYTTEYNPSVKGRVTMLVDTSKNQFSLR	MabCampath(pre=K,post=L)	210	200	7.433203E-31	4.9282135E-28
120706O2c1_LZ-MvD-0297-MabCampth-trypsin_007.mzXML	scan=1311	1311	HCD	1207.2417	0	0.30334526	3	VDNALQSGNSQESVTEQDSKDSTYSLSSTLTLSK	MabCampath(pre=K,post=A)	205	183	4.619553E-30	3.0627634E-27
120706O2c1_LZ-MvD-0297-MabCampth-trypsin_007.mzXML	scan=1862	1862	HCD	985.4729	0	1.1148293	4	FSGSGSGTDFTFTISSLQPEDIATYYC+57.021LQHISRPR	MabCampath(pre=R,post=T)	227	192	2.3543371E-29	1.5609255E-26
120706O2c1_LZ-MvD-0297-MabCampth-trypsin_007.mzXML	scan=2351	2351	HCD	1041.0106	0	2.3452325	4	VQWKVDNALQSGNSQESVTEQDSKDSTYSLSSTLTLSK	MabCampath(pre=K,post=A)	208	172	2.5813925E-29	1.7114632E-26
120706O2c1_LZ-MvD-0297-MabCampth-trypsin_007.mzXML	scan=1064	1064	HCD	701.0725	0	0.43529865	4	WQQGNVFSC+57.021SVMHEALHNHYTQK	MabCampath(pre=R,post=S)	175	163	5.099863E-29	3.381209E-26
120706O2c1_LZ-MvD-0297-MabCampth-trypsin_007.mzXML	scan=1388	1388	HCD	1066.0679	0	-0.5725257	4	ASQNIDKYLNWYQQKPGKAPKLLIYNTNNLQTGVPSR	MabCampath(pre=K,post=F)	230	167	1.0652686E-28	7.062731E-26
120706O2c1_LZ-MvD-0297-MabCampth-trypsin_007.mzXML	scan=1066	1066	HCD	561.0598	0	1.0878559	5	WQQGNVFSC+57.021SVMHEALHNHYTQK	MabCampath(pre=R,post=S)	166	160	2.6060853E-28	1.7278345E-25
120706O2c1_LZ-MvD-0297-MabCampth-trypsin_007.mzXML	scan=1087	1087	HCD	795.67267	0	0.61367136	4	VTITC+57.021KASQNIDKYLNWYQQKPGKAPK	MabCampath(pre=R,post=L)	195	177	2.77686E-28	1.8410581E-25
120706O2c1_LZ-MvD-0297-MabCampth-trypsin_007.mzXML	scan=1085	1085	HCD	636.74005	0	1.3419814	5	VTITC+57.021KASQNIDKYLNWYQQKPGKAPK	MabCampath(pre=R,post=L)	183	163	8.676753E-28	5.7526873E-25
120706O2c1_LZ-MvD-0297-MabCampth-trypsin_007.mzXML	scan=1278	1278	HCD	1291.1333	0	-0.09454508	2	DIQMTQSPSSLSASVGDRVTITC+57.021K	MabCampath(pre=-,post=A)	202	197	1.5561425E-27	1.0317225E-24
120706O2c1_LZ-MvD-0297-MabCampth-trypsin_007.mzXML	scan=1260	1260	HCD	1057.2501	0	0.92368245	4	VDNALQSGNSQESVTEQDSKDSTYSLSSTLTLSKADYEK	MabCampath(pre=K,post=H)	200	142	3.0492648E-27	2.0216626E-24
120706O2c1_LZ-MvD-0297-MabCampth-trypsin_007.mzXML	scan=1274	1274	HCD	861.0912	0	-0.14176233	3	DIQMTQSPSSLSASVGDRVTITC+57.021K	MabCampath(pre=-,post=A)	217	208	5.612164E-27	3.7208648E-24
120706O2c1_LZ-MvD-0297-MabCampth-trypsin_007.mzXML	scan=2317	2317	CID	1207.2428	0	1.213381	3	VDNALQSGNSQESVTEQDSKDSTYSLSSTLTLSK	MabCampath(pre=K,post=A)	226	181	3.5255214E-26	2.3374207E-23
120706O2c1_LZ-MvD-0297-MabCampth-trypsin_007.mzXML	scan=2070	2070	HCD	811.4317	0	12.411304	5	TVAAPSVFIFPPSDEQLKSGTASVVC+57.021LLNNFYPREAK	MabCampath(pre=R,post=V)	184	135	3.6182773E-26	2.3989178E-23
120706O2c1_LZ-MvD-0297-MabCampth-trypsin_007.mzXML	scan=2065	2065	HCD	1351.7196	0	16.07498	3	TVAAPSVFIFPPSDEQLKSGTASVVC+57.021LLNNFYPREAK	MabCampath(pre=R,post=V)	219	163	4.0624315E-26	2.693392E-23
120706O2c1_LZ-MvD-0297-MabCampth-trypsin_007.mzXML	scan=1472	1472	HCD	1387.6785	0	2.3751225	3	VQWKVDNALQSGNSQESVTEQDSKDSTYSLSSTLTLSK	MabCampath(pre=K,post=A)	193	152	4.299961E-26	2.8508742E-23
120706O2c1_LZ-MvD-0297-MabCampth-trypsin_007.mzXML	scan=657	657	HCD	687.5963	0	6.479958	4	ADYEKHKVYAC+57.021EVTHQGLSSPVTK	MabCampath(pre=K,post=S)	212	186	9.840492E-26	6.5242463E-23
120706O2c1_LZ-MvD-0297-MabCampth-trypsin_007.mzXML	scan=2128	2128	HCD	931.9827	0	1.3097932	4	TVAAPSVFIFPPSDEQLKSGTASVVC+57.021LLNNFYPR	MabCampath(pre=R,post=E)	155	120	1.3628842E-25	9.035922E-23
120706O2c1_LZ-MvD-0297-MabCampth-trypsin_007.mzXML	scan=2127	2127	CID	1242.3083	0	1.6704378	3	TVAAPSVFIFPPSDEQLKSGTASVVC+57.021LLNNFYPR	MabCampath(pre=R,post=E)	209	158	2.1853703E-25	1.4489004E-22
120706O2c1_LZ-MvD-0297-MabCampth-trypsin_007.mzXML	scan=2254	2254	CID	1207.2437	0	1.9211867	3	VDNALQSGNSQESVTEQDSKDSTYSLSSTLTLSK	MabCampath(pre=K,post=A)	223	171	2.8672042E-25	1.9009564E-22
120706O2c1_LZ-MvD-0297-MabCampth-trypsin_007.mzXML	scan=2381	2381	CID	1207.2433	0	1.6178414	3	VDNALQSGNSQESVTEQDSKDSTYSLSSTLTLSK	MabCampath(pre=K,post=A)	231	173	3.3672173E-25	2.232465E-22
120706O2c1_LZ-MvD-0297-MabCampth-trypsin_007.mzXML	scan=654	654	HCD	687.59247	0	0.8876655	4	ADYEKHKVYAC+57.021EVTHQGLSSPVTK	MabCampath(pre=K,post=S)	201	170	3.8781622E-25	2.5712216E-22
120706O2c1_LZ-MvD-0297-MabCampth-trypsin_007.mzXML	scan=2318	2318	HCD	861.09125	0	-0.070881166	3	DIQMTQSPSSLSASVGDRVTITC+57.021K	MabCampath(pre=-,post=A)	153	147	4.270945E-25	2.8316368E-22
120706O2c1_LZ-MvD-0297-MabCampth-trypsin_007.mzXML	scan=2058	2058	HCD	1014.036	0	10.653801	4	TVAAPSVFIFPPSDEQLKSGTASVVC+57.021LLNNFYPREAK	MabCampath(pre=R,post=V)	201	137	4.901758E-25	3.2498656E-22
120706O2c1_LZ-MvD-0297-MabCampth-trypsin_007.mzXML	scan=1549	1549	HCD	920.9741	0	6.097097	4	GRVTMLVDTSKNQFSLRLSSVTAADTAVYYC+57.021AR	MabCampath(pre=K,post=E)	240	167	7.5284763E-25	4.9913797E-22
120706O2c1_LZ-MvD-0297-MabCampth-trypsin_007.mzXML	scan=1312	1312	CID	1207.2417	0	0.30334526	3	VDNALQSGNSQESVTEQDSKDSTYSLSSTLTLSK	MabCampath(pre=K,post=A)	223	170	1.0359379E-24	6.8682683E-22
120706O2c1_LZ-MvD-0297-MabCampth-trypsin_007.mzXML	scan=1850	1850	HCD	1207.2433	0	1.6178414	3	VDNALQSGNSQESVTEQDSKDSTYSLSSTLTLSK	MabCampath(pre=K,post=A)	201	160	1.0385158E-24	6.8853597E-22
120706O2c1_LZ-MvD-0297-MabCampth-trypsin_007.mzXML	scan=2328	2328	CID	1387.6748	0	-0.2639025	3	VQWKVDNALQSGNSQESVTEQDSKDSTYSLSSTLTLSK	MabCampath(pre=K,post=A)	193	143	1.1225068E-24	7.4422203E-22
120706O2c1_LZ-MvD-0297-MabCampth-trypsin_007.mzXML	scan=959	959	HCD	620.0798	0	1.5749006	4	ASQNIDKYLNWYQQKPGKAPK	MabCampath(pre=K,post=L)	175	166	1.2387101E-24	8.2126484E-22
120706O2c1_LZ-MvD-0297-MabCampth-trypsin_007.mzXML	scan=1848	1848	HCD	760.36707	0	-1.3645991	5	TPEVTC+57.021VVVDVSHEDPEVKFNWYVDGVEVHNAK	MabCampath(pre=R,post=T)	157	106	1.3326214E-24	8.835281E-22
120706O2c1_LZ-MvD-0297-MabCampth-trypsin_007.mzXML	scan=661	661	HCD	916.4577	0	4.7285504	3	ADYEKHKVYAC+57.021EVTHQGLSSPVTK	MabCampath(pre=K,post=S)	177	152	2.0824715E-24	1.3806786E-21
120706O2c1_LZ-MvD-0297-MabCampth-trypsin_007.mzXML	scan=2323	2323	HCD	760.3688	0	0.88297594	5	TPEVTC+57.021VVVDVSHEDPEVKFNWYVDGVEVHNAK	MabCampath(pre=R,post=T)	173	113	2.1696854E-24	1.4385014E-21
120706O2c1_LZ-MvD-0297-MabCampth-trypsin_007.mzXML	scan=954	954	HCD	826.43536	0	-0.7385346	3	ASQNIDKYLNWYQQKPGKAPK	MabCampath(pre=K,post=L)	159	151	3.958857E-24	2.6247222E-21
120706O2c1_LZ-MvD-0297-MabCampth-trypsin_007.mzXML	scan=2261	2261	CID	1207.2578	0	13.650537	3	VDNALQSGNSQESVTEQDSKDSTYSLSSTLTLSK	MabCampath(pre=K,post=A)	214	163	5.7637795E-24	3.821386E-21
120706O2c1_LZ-MvD-0297-MabCampth-trypsin_007.mzXML	scan=2039	2039	HCD	1351.6963	0	-1.1740154	3	TVAAPSVFIFPPSDEQLKSGTASVVC+57.021LLNNFYPREAK	MabCampath(pre=R,post=V)	210	141	8.6871264E-24	5.759565E-21
120706O2c1_LZ-MvD-0297-MabCampth-trypsin_007.mzXML	scan=2316	2316	HCD	1207.2428	0	1.213381	3	VDNALQSGNSQESVTEQDSKDSTYSLSSTLTLSK	MabCampath(pre=K,post=A)	209	155	1.0484114E-23	6.9509675E-21
120706O2c1_LZ-MvD-0297-MabCampth-trypsin_007.mzXML	scan=671	671	HCD	584.09674	0	-0.4179796	4	VSNKALPAPIEKTISKAKGQPR	MabCampath(pre=K,post=E)	210	201	1.0957165E-23	7.264601E-21
120706O2c1_LZ-MvD-0297-MabCampth-trypsin_007.mzXML	scan=575	575	HCD	1071.0441	0	0.0	2	HKVYAC+57.021EVTHQGLSSPVTK	MabCampath(pre=K,post=S)	181	173	1.1209276E-23	7.43175E-21
120706O2c1_LZ-MvD-0297-MabCampth-trypsin_007.mzXML	scan=973	973	HCD	893.09576	0	1.0251178	3	VQWKVDNALQSGNSQESVTEQDSK	MabCampath(pre=K,post=D)	161	144	1.15605515E-23	7.664646E-21
120706O2c1_LZ-MvD-0297-MabCampth-trypsin_007.mzXML	scan=1865	1865	CID	1313.627	0	0.18585236	3	FSGSGSGTDFTFTISSLQPEDIATYYC+57.021LQHISRPR	MabCampath(pre=R,post=T)	233	171	1.288333E-23	8.541648E-21
120706O2c1_LZ-MvD-0297-MabCampth-trypsin_007.mzXML	scan=1227	1227	HCD	1070.0168	0	-0.4563302	2	TPEVTC+57.021VVVDVSHEDPEVK	MabCampath(pre=R,post=F)	174	170	1.3101612E-23	8.686368E-21
120706O2c1_LZ-MvD-0297-MabCampth-trypsin_007.mzXML	scan=1234	1234	HCD	1070.0239	0	6.160458	2	TPEVTC+57.021VVVDVSHEDPEVK	MabCampath(pre=R,post=F)	179	175	1.7256747E-23	1.1441224E-20
120706O2c1_LZ-MvD-0297-MabCampth-trypsin_007.mzXML	scan=2122	2122	CID	1207.2416	0	0.20223017	3	VDNALQSGNSQESVTEQDSKDSTYSLSSTLTLSK	MabCampath(pre=K,post=A)	211	157	1.9859143E-23	1.3166611E-20
120706O2c1_LZ-MvD-0297-MabCampth-trypsin_007.mzXML	scan=2253	2253	HCD	1207.2437	0	1.9211867	3	VDNALQSGNSQESVTEQDSKDSTYSLSSTLTLSK	MabCampath(pre=K,post=A)	184	136	2.9907907E-23	1.9828943E-20
120706O2c1_LZ-MvD-0297-MabCampth-trypsin_007.mzXML	scan=1473	1473	CID	1387.6785	0	2.3751225	3	VQWKVDNALQSGNSQESVTEQDSKDSTYSLSSTLTLSK	MabCampath(pre=K,post=A)	215	150	3.257886E-23	2.1599784E-20
120706O2c1_LZ-MvD-0297-MabCampth-trypsin_007.mzXML	scan=1851	1851	CID	1207.2433	0	1.6178414	3	VDNALQSGNSQESVTEQDSKDSTYSLSSTLTLSK	MabCampath(pre=K,post=A)	219	154	3.7604665E-23	2.4931893E-20
120706O2c1_LZ-MvD-0297-MabCampth-trypsin_007.mzXML	scan=956	956	HCD	1239.1504	0	0.0	2	ASQNIDKYLNWYQQKPGKAPK	MabCampath(pre=K,post=L)	163	153	4.375674E-23	2.9010717E-20
120706O2c1_LZ-MvD-0297-MabCampth-trypsin_007.mzXML	scan=2384	2384	HCD	861.0927	0	1.6302668	3	DIQMTQSPSSLSASVGDRVTITC+57.021K	MabCampath(pre=-,post=A)	130	113	5.3280574E-23	3.5325023E-20
120706O2c1_LZ-MvD-0297-MabCampth-trypsin_007.mzXML	scan=2189	2189	HCD	1207.2427	0	1.112266	3	VDNALQSGNSQESVTEQDSKDSTYSLSSTLTLSK	MabCampath(pre=K,post=A)	182	131	6.051134E-23	4.0119022E-20
120706O2c1_LZ-MvD-0297-MabCampth-trypsin_007.mzXML	scan=2380	2380	HCD	1207.2433	0	1.6178414	3	VDNALQSGNSQESVTEQDSKDSTYSLSSTLTLSK	MabCampath(pre=K,post=A)	199	145	7.489043E-23	4.9652356E-20
120706O2c1_LZ-MvD-0297-MabCampth-trypsin_007.mzXML	scan=1232	1232	HCD	713.6862	0	7.8679934	3	TPEVTC+57.021VVVDVSHEDPEVK	MabCampath(pre=R,post=F)	149	141	1.2784209E-22	8.4759304E-20
120706O2c1_LZ-MvD-0297-MabCampth-trypsin_007.mzXML	scan=1166	1166	HCD	626.96625	0	-1.0708487	3	DIQMTQSPSSLSASVGDR	MabCampath(pre=-,post=V)	167	167	1.996474E-22	1.3236623E-19
120706O2c1_LZ-MvD-0297-MabCampth-trypsin_007.mzXML	scan=666	666	HCD	1068.4897	0	1.5994418	2	VDNALQSGNSQESVTEQDSK	MabCampath(pre=K,post=D)	154	146	2.0854973E-22	1.3826847E-19
120706O2c1_LZ-MvD-0297-MabCampth-trypsin_007.mzXML	scan=2532	2532	CID	1207.2421	0	0.6066905	3	VDNALQSGNSQESVTEQDSKDSTYSLSSTLTLSK	MabCampath(pre=K,post=A)	206	141	2.2521716E-22	1.4931899E-19
120706O2c1_LZ-MvD-0297-MabCampth-trypsin_007.mzXML	scan=1225	1225	HCD	713.6813	0	0.9407384	3	TPEVTC+57.021VVVDVSHEDPEVK	MabCampath(pre=R,post=F)	161	151	2.455988E-22	1.62832E-19
120706O2c1_LZ-MvD-0297-MabCampth-trypsin_007.mzXML	scan=952	952	HCD	496.26474	0	0.49195665	5	ASQNIDKYLNWYQQKPGKAPK	MabCampath(pre=K,post=L)	152	137	2.8538759E-22	1.8921197E-19
120706O2c1_LZ-MvD-0297-MabCampth-trypsin_007.mzXML	scan=1164	1164	HCD	939.9466	0	-0.1298694	2	DIQMTQSPSSLSASVGDR	MabCampath(pre=-,post=V)	191	190	3.0890591E-22	2.0480462E-19
120706O2c1_LZ-MvD-0297-MabCampth-trypsin_007.mzXML	scan=2262	2262	HCD	760.3777	0	12.602474	5	TPEVTC+57.021VVVDVSHEDPEVKFNWYVDGVEVHNAK	MabCampath(pre=R,post=T)	149	83	3.640214E-22	2.4134618E-19
120706O2c1_LZ-MvD-0297-MabCampth-trypsin_007.mzXML	scan=2121	2121	HCD	1207.2416	0	0.20223017	3	VDNALQSGNSQESVTEQDSKDSTYSLSSTLTLSK	MabCampath(pre=K,post=A)	196	138	4.873741E-22	3.2312906E-19
120706O2c1_LZ-MvD-0297-MabCampth-trypsin_007.mzXML	scan=763	763	HCD	477.03745	0	0.0	4	ALPAPIEKTISKAKGQPR	MabCampath(pre=K,post=E)	194	191	5.414234E-22	3.5896369E-19
120706O2c1_LZ-MvD-0297-MabCampth-trypsin_007.mzXML	scan=1682	1682	HCD	760.367	0	-1.4448696	5	TPEVTC+57.021VVVDVSHEDPEVKFNWYVDGVEVHNAK	MabCampath(pre=R,post=T)	159	96	6.4406234E-22	4.2701335E-19
120706O2c1_LZ-MvD-0297-MabCampth-trypsin_007.mzXML	scan=2455	2455	CID	1207.2434	0	1.7189565	3	VDNALQSGNSQESVTEQDSKDSTYSLSSTLTLSK	MabCampath(pre=K,post=A)	209	143	6.9658735E-22	4.618374E-19
120706O2c1_LZ-MvD-0297-MabCampth-trypsin_007.mzXML	scan=2260	2260	HCD	1207.2578	0	13.650537	3	VDNALQSGNSQESVTEQDSKDSTYSLSSTLTLSK	MabCampath(pre=K,post=A)	177	120	8.190612E-22	5.4303756E-19
120706O2c1_LZ-MvD-0297-MabCampth-trypsin_007.mzXML	scan=673	673	HCD	467.47882	0	-0.4569682	5	VSNKALPAPIEKTISKAKGQPR	MabCampath(pre=K,post=E)	189	171	9.55648E-22	6.335946E-19
120706O2c1_LZ-MvD-0297-MabCampth-trypsin_007.mzXML	scan=2190	2190	CID	1207.2427	0	1.112266	3	VDNALQSGNSQESVTEQDSKDSTYSLSSTLTLSK	MabCampath(pre=K,post=A)	204	142	1.005705E-21	6.6678243E-19
120706O2c1_LZ-MvD-0297-MabCampth-trypsin_007.mzXML	scan=2191	2191	HCD	760.3691	0	1.2843286	5	TPEVTC+57.021VVVDVSHEDPEVKFNWYVDGVEVHNAK	MabCampath(pre=R,post=T)	143	76	1.1928779E-21	7.908781E-19
120706O2c1_LZ-MvD-0297-MabCampth-trypsin_007.mzXML	scan=1038	1038	HCD	976.52386	0	1.1250458	2	GRVTMLVDTSKNQFSLR	MabCampath(pre=K,post=L)	186	180	1.2512603E-21	8.295856E-19
120706O2c1_LZ-MvD-0297-MabCampth-trypsin_007.mzXML	scan=802	802	HCD	625.98145	0	1.5600526	3	VYAC+57.021EVTHQGLSSPVTK	MabCampath(pre=K,post=S)	156	150	1.4630714E-21	9.700163E-19
120706O2c1_LZ-MvD-0297-MabCampth-trypsin_007.mzXML	scan=1129	1129	HCD	913.99335	0	1.0016793	4	AKGQPREPQVYTLPPSRDELTKNQVSLTC+57.021LVK	MabCampath(pre=K,post=G)	221	144	1.6322426E-21	1.0821768E-18
120706O2c1_LZ-MvD-0297-MabCampth-trypsin_007.mzXML	scan=667	667	CID	1068.4897	0	1.5994418	2	VDNALQSGNSQESVTEQDSK	MabCampath(pre=K,post=D)	305	299	1.9271446E-21	1.2776969E-18
120706O2c1_LZ-MvD-0297-MabCampth-trypsin_007.mzXML	scan=767	767	HCD	635.7144	0	0.3840415	3	ALPAPIEKTISKAKGQPR	MabCampath(pre=K,post=E)	163	161	2.0111584E-21	1.333398E-18
120706O2c1_LZ-MvD-0297-MabCampth-trypsin_007.mzXML	scan=1106	1106	HCD	874.4197	0	0.069800764	2	LSSVTAADTAVYYC+57.021AR	MabCampath(pre=R,post=E)	192	192	2.237225E-21	1.4832802E-18
120706O2c1_LZ-MvD-0297-MabCampth-trypsin_007.mzXML	scan=2222	2222	HCD	1041.0085	0	0.35178488	4	VQWKVDNALQSGNSQESVTEQDSKDSTYSLSSTLTLSK	MabCampath(pre=K,post=A)	113	65	2.457587E-21	1.6293802E-18
120706O2c1_LZ-MvD-0297-MabCampth-trypsin_007.mzXML	scan=805	805	HCD	625.985	0	7.215244	3	VYAC+57.021EVTHQGLSSPVTK	MabCampath(pre=K,post=S)	148	141	2.5678705E-21	1.7024981E-18
120706O2c1_LZ-MvD-0297-MabCampth-trypsin_007.mzXML	scan=2658	2658	CID	1207.2395	0	-1.5167263	3	VDNALQSGNSQESVTEQDSKDSTYSLSSTLTLSK	MabCampath(pre=K,post=A)	221	143	2.7590559E-21	1.829254E-18
120706O2c1_LZ-MvD-0297-MabCampth-trypsin_007.mzXML	scan=807	807	HCD	938.473	0	6.3085966	2	VYAC+57.021EVTHQGLSSPVTK	MabCampath(pre=K,post=S)	142	138	2.8224291E-21	1.8712705E-18
120706O2c1_LZ-MvD-0297-MabCampth-trypsin_007.mzXML	scan=1834	1834	HCD	973.5172	0	0.06269551	2	TVAAPSVFIFPPSDEQLK	MabCampath(pre=R,post=S)	119	114	3.0653038E-21	2.0322963E-18
120706O2c1_LZ-MvD-0297-MabCampth-trypsin_007.mzXML	scan=1775	1775	HCD	1272.5723	0	2.302183	2	GFYPSDIAVEWESNGQPENNYK	MabCampath(pre=K,post=T)	129	105	4.3331897E-21	2.8729048E-18
120706O2c1_LZ-MvD-0297-MabCampth-trypsin_007.mzXML	scan=919	919	HCD	626.3111	1	-6.109086	3	VYAC+57.021EVTHQGLSSPVTK	MabCampath(pre=K,post=S)	152	139	5.060109E-21	3.3548525E-18
120706O2c1_LZ-MvD-0297-MabCampth-trypsin_007.mzXML	scan=727	727	HCD	687.5917	0	-0.26629964	4	ADYEKHKVYAC+57.021EVTHQGLSSPVTK	MabCampath(pre=K,post=S)	182	128	5.6940593E-21	3.7751613E-18
120706O2c1_LZ-MvD-0297-MabCampth-trypsin_007.mzXML	scan=680	680	HCD	632.3826	0	0.48258114	3	VSNKALPAPIEKTISKAK	MabCampath(pre=K,post=G)	176	169	6.374138E-21	4.2260533E-18
120706O2c1_LZ-MvD-0297-MabCampth-trypsin_007.mzXML	scan=1433	1433	CID	1207.2422	0	0.70780563	3	VDNALQSGNSQESVTEQDSKDSTYSLSSTLTLSK	MabCampath(pre=K,post=A)	212	139	7.00877E-21	4.6468145E-18
120706O2c1_LZ-MvD-0297-MabCampth-trypsin_007.mzXML	scan=812	812	HCD	938.4676	0	0.52029663	2	VYAC+57.021EVTHQGLSSPVTK	MabCampath(pre=K,post=S)	144	134	7.353495E-21	4.875367E-18
120706O2c1_LZ-MvD-0297-MabCampth-trypsin_007.mzXML	scan=678	678	HCD	474.5385	0	-0.12862001	4	VSNKALPAPIEKTISKAK	MabCampath(pre=K,post=G)	158	155	9.460065E-21	6.272023E-18
120706O2c1_LZ-MvD-0297-MabCampth-trypsin_007.mzXML	scan=672	672	CID	584.09674	0	-0.4179796	4	VSNKALPAPIEKTISKAKGQPR	MabCampath(pre=K,post=E)	172	151	9.596006E-21	6.3621517E-18
120706O2c1_LZ-MvD-0297-MabCampth-trypsin_007.mzXML	scan=1261	1261	CID	1057.2501	0	0.92368245	4	VDNALQSGNSQESVTEQDSKDSTYSLSSTLTLSKADYEK	MabCampath(pre=K,post=H)	186	107	1.0241355E-20	6.790018E-18
120706O2c1_LZ-MvD-0297-MabCampth-trypsin_007.mzXML	scan=1080	1080	HCD	727.70874	0	1.425844	3	ASQNIDKYLNWYQQKPGK	MabCampath(pre=K,post=A)	134	126	1.1028283E-20	7.311751E-18
120706O2c1_LZ-MvD-0297-MabCampth-trypsin_007.mzXML	scan=1428	1428	HCD	833.01086	0	3.5169983	5	VQWKVDNALQSGNSQESVTEQDSKDSTYSLSSTLTLSK	MabCampath(pre=K,post=A)	155	101	1.2321999E-20	8.1694855E-18
120706O2c1_LZ-MvD-0297-MabCampth-trypsin_007.mzXML	scan=1438	1438	CID	1207.2482	0	5.662445	3	VDNALQSGNSQESVTEQDSKDSTYSLSSTLTLSK	MabCampath(pre=K,post=A)	206	136	1.3587329E-20	9.008399E-18
120706O2c1_LZ-MvD-0297-MabCampth-trypsin_007.mzXML	scan=665	665	CID	712.6608	0	-0.34257606	3	VDNALQSGNSQESVTEQDSK	MabCampath(pre=K,post=D)	155	148	1.4770979E-20	9.793159E-18
120706O2c1_LZ-MvD-0297-MabCampth-trypsin_007.mzXML	scan=2321	2321	CID	1387.6819	0	4.8382125	3	VQWKVDNALQSGNSQESVTEQDSKDSTYSLSSTLTLSK	MabCampath(pre=K,post=A)	189	117	1.8392295E-20	1.21940914E-17
120706O2c1_LZ-MvD-0297-MabCampth-trypsin_007.mzXML	scan=1192	1192	HCD	839.4041	0	-0.6544119	2	FNWYVDGVEVHNAK	MabCampath(pre=K,post=T)	136	136	2.2256611E-20	1.4756133E-17
120706O2c1_LZ-MvD-0297-MabCampth-trypsin_007.mzXML	scan=1936	1936	HCD	1053.0708	0	19.24283	4	RTVAAPSVFIFPPSDEQLKSGTASVVC+57.021LLNNFYPREAK	MabCampath(pre=K,post=V)	138	78	2.6540712E-20	1.7596492E-17
120706O2c1_LZ-MvD-0297-MabCampth-trypsin_007.mzXML	scan=1122	1122	HCD	731.3948	0	-0.8345029	5	AKGQPREPQVYTLPPSRDELTKNQVSLTC+57.021LVK	MabCampath(pre=K,post=G)	202	124	2.6805885E-20	1.7772301E-17
120706O2c1_LZ-MvD-0297-MabCampth-trypsin_007.mzXML	scan=1108	1108	HCD	583.2821	0	-0.10464088	3	LSSVTAADTAVYYC+57.021AR	MabCampath(pre=R,post=E)	146	144	2.7885076E-20	1.8487806E-17
120706O2c1_LZ-MvD-0297-MabCampth-trypsin_007.mzXML	scan=1181	1181	CID	839.40875	0	4.871733	2	FNWYVDGVEVHNAK	MabCampath(pre=K,post=T)	225	221	2.8084284E-20	1.8619882E-17
120706O2c1_LZ-MvD-0297-MabCampth-trypsin_007.mzXML	scan=1193	1193	CID	839.4041	0	-0.6544119	2	FNWYVDGVEVHNAK	MabCampath(pre=K,post=T)	228	224	2.8084284E-20	1.8619882E-17
120706O2c1_LZ-MvD-0297-MabCampth-trypsin_007.mzXML	scan=970	970	HCD	625.9796	0	-1.3650461	3	VYAC+57.021EVTHQGLSSPVTK	MabCampath(pre=K,post=S)	145	138	2.8161558E-20	1.8671113E-17
120706O2c1_LZ-MvD-0297-MabCampth-trypsin_007.mzXML	scan=574	574	CID	714.36475	0	-0.51263833	3	HKVYAC+57.021EVTHQGLSSPVTK	MabCampath(pre=K,post=S)	212	185	3.0807415E-20	2.0425316E-17
120706O2c1_LZ-MvD-0297-MabCampth-trypsin_007.mzXML	scan=662	662	CID	916.4577	0	4.7285504	3	ADYEKHKVYAC+57.021EVTHQGLSSPVTK	MabCampath(pre=K,post=S)	193	149	3.1261504E-20	2.0726377E-17
120706O2c1_LZ-MvD-0297-MabCampth-trypsin_007.mzXML	scan=573	573	HCD	714.36475	0	-0.51263833	3	HKVYAC+57.021EVTHQGLSSPVTK	MabCampath(pre=K,post=S)	212	174	4.1996118E-20	2.7843426E-17
120706O2c1_LZ-MvD-0297-MabCampth-trypsin_007.mzXML	scan=2164	2164	CID	950.2088	0	0.51386756	4	TPEVTC+57.021VVVDVSHEDPEVKFNWYVDGVEVHNAK	MabCampath(pre=R,post=T)	203	126	4.277814E-20	2.836191E-17
120706O2c1_LZ-MvD-0297-MabCampth-trypsin_007.mzXML	scan=2628	2628	CID	1207.2457	0	3.6401432	3	VDNALQSGNSQESVTEQDSKDSTYSLSSTLTLSK	MabCampath(pre=K,post=A)	199	130	4.7750898E-20	3.1658846E-17
120706O2c1_LZ-MvD-0297-MabCampth-trypsin_007.mzXML	scan=1078	1078	HCD	546.0327	0	0.22355865	4	ASQNIDKYLNWYQQKPGK	MabCampath(pre=K,post=A)	129	116	5.194433E-20	3.4439092E-17
120706O2c1_LZ-MvD-0297-MabCampth-trypsin_007.mzXML	scan=2255	2255	HCD	760.3684	0	0.40135267	5	TPEVTC+57.021VVVDVSHEDPEVKFNWYVDGVEVHNAK	MabCampath(pre=R,post=T)	148	75	6.107741E-20	4.0494322E-17
120706O2c1_LZ-MvD-0297-MabCampth-trypsin_007.mzXML	scan=1197	1197	HCD	869.9608	0	-0.77174306	2	VTMLVDTSKNQFSLR	MabCampath(pre=R,post=L)	180	180	9.472267E-20	6.280113E-17
120706O2c1_LZ-MvD-0297-MabCampth-trypsin_007.mzXML	scan=1432	1432	HCD	1207.2422	0	0.70780563	3	VDNALQSGNSQESVTEQDSKDSTYSLSSTLTLSK	MabCampath(pre=K,post=A)	173	107	9.6641766E-20	6.407349E-17
120706O2c1_LZ-MvD-0297-MabCampth-trypsin_007.mzXML	scan=1040	1040	HCD	488.76544	0	0.87413394	4	GRVTMLVDTSKNQFSLR	MabCampath(pre=K,post=L)	145	141	1.1681888E-19	7.745092E-17
120706O2c1_LZ-MvD-0297-MabCampth-trypsin_007.mzXML	scan=1107	1107	CID	874.4197	0	0.069800764	2	LSSVTAADTAVYYC+57.021AR	MabCampath(pre=R,post=E)	276	263	1.2631321E-19	8.374565E-17
120706O2c1_LZ-MvD-0297-MabCampth-trypsin_007.mzXML	scan=1246	1246	HCD	864.212	0	2.9662678	4	GQPREPQVYTLPPSRDELTKNQVSLTC+57.021LVK	MabCampath(pre=K,post=G)	187	115	1.3688123E-19	9.075225E-17
120706O2c1_LZ-MvD-0297-MabCampth-trypsin_007.mzXML	scan=2288	2288	HCD	1041.0103	0	1.9934477	4	VQWKVDNALQSGNSQESVTEQDSKDSTYSLSSTLTLSK	MabCampath(pre=K,post=A)	100	57	1.4763523E-19	9.788216E-17
120706O2c1_LZ-MvD-0297-MabCampth-trypsin_007.mzXML	scan=655	655	CID	687.59247	0	0.8876655	4	ADYEKHKVYAC+57.021EVTHQGLSSPVTK	MabCampath(pre=K,post=S)	160	127	1.6454873E-19	1.09095805E-16
120706O2c1_LZ-MvD-0297-MabCampth-trypsin_007.mzXML	scan=1759	1759	HCD	709.3621	0	0.9464663	3	SGTASVVC+57.021LLNNFYPREAK	MabCampath(pre=K,post=V)	150	140	2.1057207E-19	1.3960928E-16
120706O2c1_LZ-MvD-0297-MabCampth-trypsin_007.mzXML	scan=2249	2249	CID	950.2064	0	-1.9912369	4	TPEVTC+57.021VVVDVSHEDPEVKFNWYVDGVEVHNAK	MabCampath(pre=R,post=T)	196	116	2.4204822E-19	1.6047796E-16
120706O2c1_LZ-MvD-0297-MabCampth-trypsin_007.mzXML	scan=1194	1194	HCD	580.3095	0	-0.9465912	3	VTMLVDTSKNQFSLR	MabCampath(pre=R,post=L)	167	167	2.6375365E-19	1.7486867E-16
120706O2c1_LZ-MvD-0297-MabCampth-trypsin_007.mzXML	scan=1216	1216	CID	874.4198	0	0.2094023	2	LSSVTAADTAVYYC+57.021AR	MabCampath(pre=R,post=E)	217	202	2.7719507E-19	1.8378033E-16
120706O2c1_LZ-MvD-0297-MabCampth-trypsin_007.mzXML	scan=1279	1279	CID	1291.1333	0	-0.09454508	2	DIQMTQSPSSLSASVGDRVTITC+57.021K	MabCampath(pre=-,post=A)	185	160	2.9435372E-19	1.9515652E-16
120706O2c1_LZ-MvD-0297-MabCampth-trypsin_007.mzXML	scan=1240	1240	CID	798.6592	0	-0.07642203	4	GYTTEYNPSVKGRVTMLVDTSKNQFSLR	MabCampath(pre=K,post=L)	166	119	3.619007E-19	2.3994016E-16
120706O2c1_LZ-MvD-0297-MabCampth-trypsin_007.mzXML	scan=1233	1233	CID	713.6862	0	7.8679934	3	TPEVTC+57.021VVVDVSHEDPEVK	MabCampath(pre=R,post=F)	202	182	3.6633736E-19	2.4288167E-16
120706O2c1_LZ-MvD-0297-MabCampth-trypsin_007.mzXML	scan=715	715	HCD	1068.9819	1	-7.282188	2	VDNALQSGNSQESVTEQDSK	MabCampath(pre=K,post=D)	122	98	3.9919098E-19	2.6466362E-16
120706O2c1_LZ-MvD-0297-MabCampth-trypsin_007.mzXML	scan=1760	1760	CID	709.3621	0	0.9464663	3	SGTASVVC+57.021LLNNFYPREAK	MabCampath(pre=K,post=V)	189	156	4.0622284E-19	2.6932575E-16
120706O2c1_LZ-MvD-0297-MabCampth-trypsin_007.mzXML	scan=1165	1165	CID	939.9466	0	-0.1298694	2	DIQMTQSPSSLSASVGDR	MabCampath(pre=-,post=V)	343	311	4.2475068E-19	2.8160968E-16
120706O2c1_LZ-MvD-0297-MabCampth-trypsin_007.mzXML	scan=1226	1226	CID	713.6813	0	0.9407384	3	TPEVTC+57.021VVVDVSHEDPEVK	MabCampath(pre=R,post=F)	180	161	4.473164E-19	2.965708E-16
120706O2c1_LZ-MvD-0297-MabCampth-trypsin_007.mzXML	scan=2124	2124	CID	760.3677	0	-0.56189376	5	TPEVTC+57.021VVVDVSHEDPEVKFNWYVDGVEVHNAK	MabCampath(pre=R,post=T)	161	100	4.7054743E-19	3.1197295E-16
120706O2c1_LZ-MvD-0297-MabCampth-trypsin_007.mzXML	scan=1318	1318	HCD	601.6676	0	6.796748	3	LLIYNTNNLQTGVPSR	MabCampath(pre=K,post=F)	117	110	4.9319507E-19	3.2698833E-16
120706O2c1_LZ-MvD-0297-MabCampth-trypsin_007.mzXML	scan=2123	2123	HCD	760.3677	0	-0.56189376	5	TPEVTC+57.021VVVDVSHEDPEVKFNWYVDGVEVHNAK	MabCampath(pre=R,post=T)	135	72	5.321228E-19	3.5279743E-16
120706O2c1_LZ-MvD-0297-MabCampth-trypsin_007.mzXML	scan=1437	1437	HCD	1207.2482	0	5.662445	3	VDNALQSGNSQESVTEQDSKDSTYSLSSTLTLSK	MabCampath(pre=K,post=A)	146	86	5.321488E-19	3.5281469E-16
120706O2c1_LZ-MvD-0297-MabCampth-trypsin_007.mzXML	scan=891	891	HCD	625.9791	0	-2.1450725	3	VYAC+57.021EVTHQGLSSPVTK	MabCampath(pre=K,post=S)	133	117	6.2530956E-19	4.1458025E-16
120706O2c1_LZ-MvD-0297-MabCampth-trypsin_007.mzXML	scan=1180	1180	HCD	839.40875	0	4.871733	2	FNWYVDGVEVHNAK	MabCampath(pre=K,post=T)	128	125	6.2721833E-19	4.1584574E-16
120706O2c1_LZ-MvD-0297-MabCampth-trypsin_007.mzXML	scan=2271	2271	HCD	713.6811	0	0.68417335	3	TPEVTC+57.021VVVDVSHEDPEVK	MabCampath(pre=R,post=F)	78	65	6.525643E-19	4.3265014E-16
120706O2c1_LZ-MvD-0297-MabCampth-trypsin_007.mzXML	scan=668	668	HCD	1374.1775	0	0.7106529	2	ADYEKHKVYAC+57.021EVTHQGLSSPVTK	MabCampath(pre=K,post=S)	70	49	7.7745186E-19	5.1545057E-16
120706O2c1_LZ-MvD-0297-MabCampth-trypsin_007.mzXML	scan=2370	2370	CID	874.41895	0	-0.7678084	2	LSSVTAADTAVYYC+57.021AR	MabCampath(pre=R,post=E)	121	110	1.1524304E-18	7.6406136E-16
120706O2c1_LZ-MvD-0297-MabCampth-trypsin_007.mzXML	scan=1036	1036	HCD	651.3521	0	1.7804042	3	GRVTMLVDTSKNQFSLR	MabCampath(pre=K,post=L)	126	122	1.2005178E-18	7.9594336E-16
120706O2c1_LZ-MvD-0297-MabCampth-trypsin_007.mzXML	scan=2263	2263	CID	760.3777	0	12.602474	5	TPEVTC+57.021VVVDVSHEDPEVKFNWYVDGVEVHNAK	MabCampath(pre=R,post=T)	164	102	1.3815047E-18	9.159376E-16
120706O2c1_LZ-MvD-0297-MabCampth-trypsin_007.mzXML	scan=2161	2161	HCD	1041.0096	0	1.4071395	4	VQWKVDNALQSGNSQESVTEQDSKDSTYSLSSTLTLSK	MabCampath(pre=K,post=A)	97	42	1.6185416E-18	1.0730931E-15
120706O2c1_LZ-MvD-0297-MabCampth-trypsin_007.mzXML	scan=1692	1692	CID	760.37244	0	5.6992083	5	TPEVTC+57.021VVVDVSHEDPEVKFNWYVDGVEVHNAK	MabCampath(pre=R,post=T)	154	93	1.780802E-18	1.1806717E-15
120706O2c1_LZ-MvD-0297-MabCampth-trypsin_007.mzXML	scan=1195	1195	CID	580.3095	0	-0.9465912	3	VTMLVDTSKNQFSLR	MabCampath(pre=R,post=L)	146	140	1.8741096E-18	1.2425347E-15
120706O2c1_LZ-MvD-0297-MabCampth-trypsin_007.mzXML	scan=2256	2256	CID	760.3684	0	0.40135267	5	TPEVTC+57.021VVVDVSHEDPEVKFNWYVDGVEVHNAK	MabCampath(pre=R,post=T)	171	99	2.2020995E-18	1.459992E-15
120706O2c1_LZ-MvD-0297-MabCampth-trypsin_007.mzXML	scan=1937	1937	CID	1053.0708	0	19.24283	4	RTVAAPSVFIFPPSDEQLKSGTASVVC+57.021LLNNFYPREAK	MabCampath(pre=K,post=V)	219	116	2.2341021E-18	1.4812097E-15
120706O2c1_LZ-MvD-0297-MabCampth-trypsin_007.mzXML	scan=749	749	HCD	628.3395	0	0.0	4	AKGQPREPQVYTLPPSRDELTK	MabCampath(pre=K,post=N)	122	87	2.4001566E-18	1.5913038E-15
120706O2c1_LZ-MvD-0297-MabCampth-trypsin_007.mzXML	scan=1075	1075	HCD	600.95935	0	-0.7109396	6	LTVDKSRWQQGNVFSC+57.021SVMHEALHNHYTQK	MabCampath(pre=K,post=S)	95	40	3.075897E-18	2.0393197E-15
120706O2c1_LZ-MvD-0297-MabCampth-trypsin_007.mzXML	scan=2186	2186	HCD	861.09094	0	-0.425287	3	DIQMTQSPSSLSASVGDRVTITC+57.021K	MabCampath(pre=-,post=A)	103	73	3.164528E-18	2.098082E-15
120706O2c1_LZ-MvD-0297-MabCampth-trypsin_007.mzXML	scan=2312	2312	CID	950.20984	0	1.6058362	4	TPEVTC+57.021VVVDVSHEDPEVKFNWYVDGVEVHNAK	MabCampath(pre=R,post=T)	196	111	3.58655E-18	2.3778828E-15
120706O2c1_LZ-MvD-0297-MabCampth-trypsin_007.mzXML	scan=728	728	CID	687.5917	0	-0.26629964	4	ADYEKHKVYAC+57.021EVTHQGLSSPVTK	MabCampath(pre=K,post=S)	159	117	3.689352E-18	2.4460406E-15
120706O2c1_LZ-MvD-0297-MabCampth-trypsin_007.mzXML	scan=658	658	CID	687.5963	0	6.479958	4	ADYEKHKVYAC+57.021EVTHQGLSSPVTK	MabCampath(pre=K,post=S)	158	119	3.804484E-18	2.5223728E-15
120706O2c1_LZ-MvD-0297-MabCampth-trypsin_007.mzXML	scan=1235	1235	CID	1070.0239	0	6.160458	2	TPEVTC+57.021VVVDVSHEDPEVK	MabCampath(pre=R,post=F)	288	245	4.089033E-18	2.711029E-15
120706O2c1_LZ-MvD-0297-MabCampth-trypsin_007.mzXML	scan=974	974	CID	893.09576	0	1.0251178	3	VQWKVDNALQSGNSQESVTEQDSK	MabCampath(pre=K,post=D)	214	163	4.495994E-18	2.9808438E-15
120706O2c1_LZ-MvD-0297-MabCampth-trypsin_007.mzXML	scan=1249	1249	CID	580.6388	1	-9.850352	3	VTMLVDTSKNQFSLR	MabCampath(pre=R,post=L)	134	121	4.6259786E-18	3.0670237E-15
120706O2c1_LZ-MvD-0297-MabCampth-trypsin_007.mzXML	scan=2229	2229	HCD	901.99176	0	0.1353342	2	LLIYNTNNLQTGVPSR	MabCampath(pre=K,post=F)	77	71	4.9182443E-18	3.260796E-15
120706O2c1_LZ-MvD-0297-MabCampth-trypsin_007.mzXML	scan=806	806	CID	625.985	0	7.215244	3	VYAC+57.021EVTHQGLSSPVTK	MabCampath(pre=K,post=S)	165	148	4.9501416E-18	3.2819437E-15
120706O2c1_LZ-MvD-0297-MabCampth-trypsin_007.mzXML	scan=2374	2374	CID	950.2117	0	3.5328395	4	TPEVTC+57.021VVVDVSHEDPEVKFNWYVDGVEVHNAK	MabCampath(pre=R,post=T)	200	111	5.534908E-18	3.669644E-15
120706O2c1_LZ-MvD-0297-MabCampth-trypsin_007.mzXML	scan=1248	1248	HCD	580.6388	1	-9.850352	3	VTMLVDTSKNQFSLR	MabCampath(pre=R,post=L)	145	126	6.951739E-18	4.6090027E-15
120706O2c1_LZ-MvD-0297-MabCampth-trypsin_007.mzXML	scan=2324	2324	CID	760.3688	0	0.88297594	5	TPEVTC+57.021VVVDVSHEDPEVKFNWYVDGVEVHNAK	MabCampath(pre=R,post=T)	179	104	8.054569E-18	5.340179E-15
120706O2c1_LZ-MvD-0297-MabCampth-trypsin_007.mzXML	scan=803	803	CID	625.98145	0	1.5600526	3	VYAC+57.021EVTHQGLSSPVTK	MabCampath(pre=K,post=S)	160	137	8.136994E-18	5.3948265E-15
120706O2c1_LZ-MvD-0297-MabCampth-trypsin_007.mzXML	scan=1088	1088	CID	795.67267	0	0.61367136	4	VTITC+57.021KASQNIDKYLNWYQQKPGKAPK	MabCampath(pre=R,post=L)	177	118	8.754119E-18	5.8039807E-15
120706O2c1_LZ-MvD-0297-MabCampth-trypsin_007.mzXML	scan=1198	1198	CID	869.9608	0	-0.77174306	2	VTMLVDTSKNQFSLR	MabCampath(pre=R,post=L)	262	241	9.326621E-18	6.1835497E-15
120706O2c1_LZ-MvD-0297-MabCampth-trypsin_007.mzXML	scan=1835	1835	CID	973.5172	0	0.06269551	2	TVAAPSVFIFPPSDEQLK	MabCampath(pre=R,post=S)	168	150	1.1128005E-17	7.377868E-15
120706O2c1_LZ-MvD-0297-MabCampth-trypsin_007.mzXML	scan=1178	1178	HCD	559.942	0	5.668169	3	FNWYVDGVEVHNAK	MabCampath(pre=K,post=T)	122	115	1.1868766E-17	7.868992E-15
120706O2c1_LZ-MvD-0297-MabCampth-trypsin_007.mzXML	scan=2224	2224	HCD	950.2115	0	3.3401394	4	TPEVTC+57.021VVVDVSHEDPEVKFNWYVDGVEVHNAK	MabCampath(pre=R,post=T)	127	57	1.2776702E-17	8.470954E-15
120706O2c1_LZ-MvD-0297-MabCampth-trypsin_007.mzXML	scan=2163	2163	HCD	950.2088	0	0.51386756	4	TPEVTC+57.021VVVDVSHEDPEVKFNWYVDGVEVHNAK	MabCampath(pre=R,post=T)	132	53	1.4599116E-17	9.679214E-15
120706O2c1_LZ-MvD-0297-MabCampth-trypsin_007.mzXML	scan=1228	1228	CID	1070.0168	0	-0.4563302	2	TPEVTC+57.021VVVDVSHEDPEVK	MabCampath(pre=R,post=F)	281	231	1.4757044E-17	9.78392E-15
120706O2c1_LZ-MvD-0297-MabCampth-trypsin_007.mzXML	scan=2225	2225	CID	950.2115	0	3.3401394	4	TPEVTC+57.021VVVDVSHEDPEVKFNWYVDGVEVHNAK	MabCampath(pre=R,post=T)	194	104	1.4852754E-17	9.847376E-15
120706O2c1_LZ-MvD-0297-MabCampth-trypsin_007.mzXML	scan=892	892	CID	625.9791	0	-2.1450725	3	VYAC+57.021EVTHQGLSSPVTK	MabCampath(pre=K,post=S)	154	129	1.5033902E-17	9.967476E-15
120706O2c1_LZ-MvD-0297-MabCampth-trypsin_007.mzXML	scan=1065	1065	CID	701.0725	0	0.43529865	4	WQQGNVFSC+57.021SVMHEALHNHYTQK	MabCampath(pre=R,post=S)	138	97	1.5445035E-17	1.0240059E-14
120706O2c1_LZ-MvD-0297-MabCampth-trypsin_007.mzXML	scan=2250	2250	HCD	861.0901	0	-1.4176233	3	DIQMTQSPSSLSASVGDRVTITC+57.021K	MabCampath(pre=-,post=A)	91	60	1.7070311E-17	1.1317616E-14
120706O2c1_LZ-MvD-0297-MabCampth-trypsin_007.mzXML	scan=1190	1190	HCD	559.9391	0	0.436013	3	FNWYVDGVEVHNAK	MabCampath(pre=K,post=T)	123	113	1.8496276E-17	1.22630305E-14
120706O2c1_LZ-MvD-0297-MabCampth-trypsin_007.mzXML	scan=1821	1821	CID	937.4653	0	0.78127956	2	TTPPVLDSDGSFFLYSK	MabCampath(pre=K,post=L)	244	213	2.1198179E-17	1.40543925E-14
120706O2c1_LZ-MvD-0297-MabCampth-trypsin_007.mzXML	scan=2031	2031	CID	1014.02466	0	-0.54171866	4	TVAAPSVFIFPPSDEQLKSGTASVVC+57.021LLNNFYPREAK	MabCampath(pre=R,post=V)	194	94	2.1902085E-17	1.4521082E-14
120706O2c1_LZ-MvD-0297-MabCampth-trypsin_007.mzXML	scan=955	955	CID	826.43536	0	-0.7385346	3	ASQNIDKYLNWYQQKPGKAPK	MabCampath(pre=K,post=L)	169	126	2.7324042E-17	1.811584E-14
120706O2c1_LZ-MvD-0297-MabCampth-trypsin_007.mzXML	scan=808	808	CID	938.473	0	6.3085966	2	VYAC+57.021EVTHQGLSSPVTK	MabCampath(pre=K,post=S)	280	243	3.1794027E-17	2.107944E-14
120706O2c1_LZ-MvD-0297-MabCampth-trypsin_007.mzXML	scan=576	576	CID	1071.0441	0	0.0	2	HKVYAC+57.021EVTHQGLSSPVTK	MabCampath(pre=K,post=S)	329	262	3.309194E-17	2.1939954E-14
120706O2c1_LZ-MvD-0297-MabCampth-trypsin_007.mzXML	scan=664	664	HCD	712.6608	0	-0.34257606	3	VDNALQSGNSQESVTEQDSK	MabCampath(pre=K,post=D)	136	114	3.4253807E-17	2.2710275E-14
120706O2c1_LZ-MvD-0297-MabCampth-trypsin_007.mzXML	scan=1255	1255	HCD	839.8982	1	-9.705857	2	FNWYVDGVEVHNAK	MabCampath(pre=K,post=T)	134	124	3.6058196E-17	2.3906583E-14
120706O2c1_LZ-MvD-0297-MabCampth-trypsin_007.mzXML	scan=1241	1241	HCD	691.5699	0	1.323841	5	GQPREPQVYTLPPSRDELTKNQVSLTC+57.021LVK	MabCampath(pre=K,post=G)	160	88	3.7129633E-17	2.4616946E-14
120706O2c1_LZ-MvD-0297-MabCampth-trypsin_007.mzXML	scan=681	681	CID	632.3826	0	0.48258114	3	VSNKALPAPIEKTISKAK	MabCampath(pre=K,post=G)	188	152	3.9995374E-17	2.6516932E-14
120706O2c1_LZ-MvD-0297-MabCampth-trypsin_007.mzXML	scan=777	777	HCD	489.63638	0	0.37396228	3	ALPAPIEKTISKAK	MabCampath(pre=K,post=G)	160	158	4.9455987E-17	3.278932E-14
120706O2c1_LZ-MvD-0297-MabCampth-trypsin_007.mzXML	scan=2454	2454	HCD	1207.2434	0	1.7189565	3	VDNALQSGNSQESVTEQDSKDSTYSLSSTLTLSK	MabCampath(pre=K,post=A)	124	60	4.9923947E-17	3.3099578E-14
120706O2c1_LZ-MvD-0297-MabCampth-trypsin_007.mzXML	scan=2248	2248	HCD	950.2064	0	-1.9912369	4	TPEVTC+57.021VVVDVSHEDPEVKFNWYVDGVEVHNAK	MabCampath(pre=R,post=T)	124	49	5.2433844E-17	3.4763638E-14
120706O2c1_LZ-MvD-0297-MabCampth-trypsin_007.mzXML	scan=1215	1215	HCD	874.4198	0	0.2094023	2	LSSVTAADTAVYYC+57.021AR	MabCampath(pre=R,post=E)	80	64	5.3771342E-17	3.56504E-14
120706O2c1_LZ-MvD-0297-MabCampth-trypsin_007.mzXML	scan=1683	1683	CID	760.367	0	-1.4448696	5	TPEVTC+57.021VVVDVSHEDPEVKFNWYVDGVEVHNAK	MabCampath(pre=R,post=T)	177	96	5.587733E-17	3.7046666E-14
120706O2c1_LZ-MvD-0297-MabCampth-trypsin_007.mzXML	scan=610	610	HCD	546.5696	0	-0.6700166	4	C+57.021KVSNKALPAPIEKTISKAK	MabCampath(pre=K,post=G)	95	68	5.809879E-17	3.85195E-14
120706O2c1_LZ-MvD-0297-MabCampth-trypsin_007.mzXML	scan=2193	2193	HCD	1014.0267	0	1.4445832	4	TVAAPSVFIFPPSDEQLKSGTASVVC+57.021LLNNFYPREAK	MabCampath(pre=R,post=V)	155	61	6.216891E-17	4.1217985E-14
120706O2c1_LZ-MvD-0297-MabCampth-trypsin_007.mzXML	scan=1317	1317	CID	901.99835	0	7.443381	2	LLIYNTNNLQTGVPSR	MabCampath(pre=K,post=F)	270	233	7.648358E-17	5.0708617E-14
120706O2c1_LZ-MvD-0297-MabCampth-trypsin_007.mzXML	scan=1054	1054	HCD	752.62146	0	-0.56767696	5	ALPAPIEKTISKAKGQPREPQVYTLPPSRDELTK	MabCampath(pre=K,post=N)	194	84	8.285972E-17	5.4935996E-14
120706O2c1_LZ-MvD-0297-MabCampth-trypsin_007.mzXML	scan=734	734	HCD	566.0049	0	-0.21567002	3	VSNKALPAPIEKTISK	MabCampath(pre=K,post=A)	129	123	8.5396604E-17	5.661795E-14
120706O2c1_LZ-MvD-0297-MabCampth-trypsin_007.mzXML	scan=1316	1316	HCD	901.99835	0	7.443381	2	LLIYNTNNLQTGVPSR	MabCampath(pre=K,post=F)	95	83	9.623862E-17	6.3806206E-14
120706O2c1_LZ-MvD-0297-MabCampth-trypsin_007.mzXML	scan=1849	1849	CID	760.36707	0	-1.3645991	5	TPEVTC+57.021VVVDVSHEDPEVKFNWYVDGVEVHNAK	MabCampath(pre=R,post=T)	157	85	1.03211765E-16	6.84294E-14
120706O2c1_LZ-MvD-0297-MabCampth-trypsin_007.mzXML	scan=2120	2120	CID	1014.0255	0	0.30095482	4	TVAAPSVFIFPPSDEQLKSGTASVVC+57.021LLNNFYPREAK	MabCampath(pre=R,post=V)	202	91	1.2444873E-16	8.2509506E-14
120706O2c1_LZ-MvD-0297-MabCampth-trypsin_007.mzXML	scan=2373	2373	HCD	950.2117	0	3.5328395	4	TPEVTC+57.021VVVDVSHEDPEVKFNWYVDGVEVHNAK	MabCampath(pre=R,post=T)	120	44	1.3138843E-16	8.711053E-14
120706O2c1_LZ-MvD-0297-MabCampth-trypsin_007.mzXML	scan=1081	1081	CID	727.70874	0	1.425844	3	ASQNIDKYLNWYQQKPGK	MabCampath(pre=K,post=A)	218	173	1.3424322E-16	8.9003254E-14
120706O2c1_LZ-MvD-0297-MabCampth-trypsin_007.mzXML	scan=813	813	CID	938.4676	0	0.52029663	2	VYAC+57.021EVTHQGLSSPVTK	MabCampath(pre=K,post=S)	279	235	1.8066742E-16	1.197825E-13
120706O2c1_LZ-MvD-0297-MabCampth-trypsin_007.mzXML	scan=561	561	HCD	736.36255	0	0.16577478	2	GYTTEYNPSVKGR	MabCampath(pre=K,post=V)	118	110	2.0881028E-16	1.3844122E-13
120706O2c1_LZ-MvD-0297-MabCampth-trypsin_007.mzXML	scan=2000	2000	CID	1014.04376	0	18.298054	4	TVAAPSVFIFPPSDEQLKSGTASVVC+57.021LLNNFYPREAK	MabCampath(pre=R,post=V)	196	90	2.1773259E-16	1.4435671E-13
120706O2c1_LZ-MvD-0297-MabCampth-trypsin_007.mzXML	scan=971	971	CID	625.9796	0	-1.3650461	3	VYAC+57.021EVTHQGLSSPVTK	MabCampath(pre=K,post=S)	150	113	2.224156E-16	1.4746155E-13
120706O2c1_LZ-MvD-0297-MabCampth-trypsin_007.mzXML	scan=1256	1256	CID	839.8982	1	-9.705857	2	FNWYVDGVEVHNAK	MabCampath(pre=K,post=T)	200	175	2.3251372E-16	1.541566E-13
120706O2c1_LZ-MvD-0297-MabCampth-trypsin_007.mzXML	scan=559	559	HCD	491.2437	0	-0.68335354	3	GYTTEYNPSVKGR	MabCampath(pre=K,post=V)	145	131	2.515729E-16	1.6679282E-13
120706O2c1_LZ-MvD-0297-MabCampth-trypsin_007.mzXML	scan=1167	1167	CID	626.96625	0	-1.0708487	3	DIQMTQSPSSLSASVGDR	MabCampath(pre=-,post=V)	189	156	2.6272688E-16	1.7418792E-13
120706O2c1_LZ-MvD-0297-MabCampth-trypsin_007.mzXML	scan=2194	2194	CID	1014.0267	0	1.4445832	4	TVAAPSVFIFPPSDEQLKSGTASVVC+57.021LLNNFYPREAK	MabCampath(pre=R,post=V)	180	79	3.1303614E-16	2.0754297E-13
120706O2c1_LZ-MvD-0297-MabCampth-trypsin_007.mzXML	scan=580	580	HCD	455.26108	0	-0.40219867	3	TFGQGTKVEIKR	MabCampath(pre=R,post=T)	173	173	3.134313E-16	2.0780495E-13
120706O2c1_LZ-MvD-0297-MabCampth-trypsin_007.mzXML	scan=587	587	HCD	455.59232	1	-7.461479	3	TFGQGTKVEIKR	MabCampath(pre=R,post=T)	167	167	3.134313E-16	2.0780495E-13
120706O2c1_LZ-MvD-0297-MabCampth-trypsin_007.mzXML	scan=675	675	HCD	455.2611	0	-0.33516556	3	TFGQGTKVEIKR	MabCampath(pre=R,post=T)	163	163	3.134313E-16	2.0780495E-13
120706O2c1_LZ-MvD-0297-MabCampth-trypsin_007.mzXML	scan=828	828	HCD	455.26154	0	0.603298	3	TFGQGTKVEIKR	MabCampath(pre=R,post=T)	148	148	3.134313E-16	2.0780495E-13
120706O2c1_LZ-MvD-0297-MabCampth-trypsin_007.mzXML	scan=503	503	HCD	455.2632	0	4.290119	3	TFGQGTKVEIKR	MabCampath(pre=R,post=T)	167	167	3.134313E-16	2.0780495E-13
120706O2c1_LZ-MvD-0297-MabCampth-trypsin_007.mzXML	scan=505	505	HCD	682.39026	0	2.9516337	2	TFGQGTKVEIKR	MabCampath(pre=R,post=T)	143	143	3.134313E-16	2.0780495E-13
120706O2c1_LZ-MvD-0297-MabCampth-trypsin_007.mzXML	scan=2447	2447	CID	874.41833	0	-1.465816	2	LSSVTAADTAVYYC+57.021AR	MabCampath(pre=R,post=E)	63	46	4.0112693E-16	2.6594715E-13
120706O2c1_LZ-MvD-0297-MabCampth-trypsin_007.mzXML	scan=1809	1809	CID	849.0432	1	-7.6700816	3	GFYPSDIAVEWESNGQPENNYK	MabCampath(pre=K,post=T)	220	141	4.3428756E-16	2.8793266E-13
120706O2c1_LZ-MvD-0297-MabCampth-trypsin_007.mzXML	scan=830	830	HCD	536.0261	0	0.9109289	4	HKVYAC+57.021EVTHQGLSSPVTK	MabCampath(pre=K,post=S)	93	69	4.3870025E-16	2.9085827E-13
120706O2c1_LZ-MvD-0297-MabCampth-trypsin_007.mzXML	scan=2301	2301	CID	874.42053	0	1.0470115	2	LSSVTAADTAVYYC+57.021AR	MabCampath(pre=R,post=E)	114	92	4.469433E-16	2.963234E-13
120706O2c1_LZ-MvD-0297-MabCampth-trypsin_007.mzXML	scan=1310	1310	CID	901.9921	0	0.5413368	2	LLIYNTNNLQTGVPSR	MabCampath(pre=K,post=F)	279	224	4.5311016E-16	3.0041204E-13
120706O2c1_LZ-MvD-0297-MabCampth-trypsin_007.mzXML	scan=2192	2192	CID	760.3691	0	1.2843286	5	TPEVTC+57.021VVVDVSHEDPEVKFNWYVDGVEVHNAK	MabCampath(pre=R,post=T)	173	94	5.4905274E-16	3.6402196E-13
120706O2c1_LZ-MvD-0297-MabCampth-trypsin_007.mzXML	scan=735	735	CID	566.0049	0	-0.21567002	3	VSNKALPAPIEKTISK	MabCampath(pre=K,post=A)	164	138	5.788195E-16	3.8375734E-13
120706O2c1_LZ-MvD-0297-MabCampth-trypsin_007.mzXML	scan=2257	2257	HCD	1014.02747	0	2.2270658	4	TVAAPSVFIFPPSDEQLKSGTASVVC+57.021LLNNFYPREAK	MabCampath(pre=R,post=V)	123	39	5.988696E-16	3.9705056E-13
120706O2c1_LZ-MvD-0297-MabCampth-trypsin_007.mzXML	scan=2311	2311	HCD	950.20984	0	1.6058362	4	TPEVTC+57.021VVVDVSHEDPEVKFNWYVDGVEVHNAK	MabCampath(pre=R,post=T)	118	40	6.199393E-16	4.1101977E-13
120706O2c1_LZ-MvD-0297-MabCampth-trypsin_007.mzXML	scan=2341	2341	HCD	1057.2496	0	0.46184123	4	VDNALQSGNSQESVTEQDSKDSTYSLSSTLTLSKADYEK	MabCampath(pre=K,post=H)	101	23	7.2384206E-16	4.799073E-13
120706O2c1_LZ-MvD-0297-MabCampth-trypsin_007.mzXML	scan=674	674	CID	467.47882	0	-0.4569682	5	VSNKALPAPIEKTISKAKGQPR	MabCampath(pre=K,post=E)	126	90	7.595025E-16	5.0355016E-13
120706O2c1_LZ-MvD-0297-MabCampth-trypsin_007.mzXML	scan=1059	1059	HCD	455.26105	0	-0.46923175	3	TFGQGTKVEIKR	MabCampath(pre=R,post=T)	131	131	7.598335E-16	5.037696E-13
120706O2c1_LZ-MvD-0297-MabCampth-trypsin_007.mzXML	scan=746	746	HCD	455.2614	0	0.33516556	3	TFGQGTKVEIKR	MabCampath(pre=R,post=T)	142	142	7.598335E-16	5.037696E-13
120706O2c1_LZ-MvD-0297-MabCampth-trypsin_007.mzXML	scan=998	998	HCD	455.26105	0	-0.46923175	3	TFGQGTKVEIKR	MabCampath(pre=R,post=T)	121	121	7.598335E-16	5.037696E-13
120706O2c1_LZ-MvD-0297-MabCampth-trypsin_007.mzXML	scan=1074	1074	CID	720.9508	0	0.76193386	5	LTVDKSRWQQGNVFSC+57.021SVMHEALHNHYTQK	MabCampath(pre=K,post=S)	142	80	7.6971896E-16	5.1032366E-13
120706O2c1_LZ-MvD-0297-MabCampth-trypsin_007.mzXML	scan=2232	2232	CID	874.42096	0	1.5356168	2	LSSVTAADTAVYYC+57.021AR	MabCampath(pre=R,post=E)	91	67	8.179889E-16	5.4232665E-13
120706O2c1_LZ-MvD-0297-MabCampth-trypsin_007.mzXML	scan=2325	2325	HCD	1014.02563	0	0.42133677	4	TVAAPSVFIFPPSDEQLKSGTASVVC+57.021LLNNFYPREAK	MabCampath(pre=R,post=V)	119	35	9.390732E-16	6.2260554E-13
120706O2c1_LZ-MvD-0297-MabCampth-trypsin_007.mzXML	scan=2040	2040	CID	1351.6963	0	-1.1740154	3	TVAAPSVFIFPPSDEQLKSGTASVVC+57.021LLNNFYPREAK	MabCampath(pre=R,post=V)	176	80	9.773264E-16	6.479674E-13
120706O2c1_LZ-MvD-0297-MabCampth-trypsin_007.mzXML	scan=877	877	HCD	578.56323	0	11.710011	4	GQPREPQVYTLPPSRDELTK	MabCampath(pre=K,post=N)	142	90	1.0498213E-15	6.960315E-13
120706O2c1_LZ-MvD-0297-MabCampth-trypsin_007.mzXML	scan=957	957	CID	1239.1504	0	0.0	2	ASQNIDKYLNWYQQKPGKAPK	MabCampath(pre=K,post=L)	190	149	1.1505442E-15	7.628108E-13
120706O2c1_LZ-MvD-0297-MabCampth-trypsin_007.mzXML	scan=603	603	HCD	633.87476	0	0.48144516	2	VSNKALPAPIEK	MabCampath(pre=K,post=T)	128	128	1.1537782E-15	7.6495494E-13
120706O2c1_LZ-MvD-0297-MabCampth-trypsin_007.mzXML	scan=989	989	HCD	624.9949	0	0.0	3	EPQVYTLPPSRDELTK	MabCampath(pre=R,post=N)	110	88	1.1569532E-15	7.6705997E-13
120706O2c1_LZ-MvD-0297-MabCampth-trypsin_007.mzXML	scan=1463	1463	HCD	751.8839	0	1.379999	2	DSTYSLSSTLTLSK	MabCampath(pre=K,post=A)	122	120	1.2675126E-15	8.403609E-13
120706O2c1_LZ-MvD-0297-MabCampth-trypsin_007.mzXML	scan=1253	1253	HCD	560.2684	1	-8.7916765	3	FNWYVDGVEVHNAK	MabCampath(pre=K,post=T)	123	100	1.3257689E-15	8.7898476E-13
120706O2c1_LZ-MvD-0297-MabCampth-trypsin_007.mzXML	scan=910	910	HCD	455.26126	0	0.0	3	TFGQGTKVEIKR	MabCampath(pre=R,post=T)	110	109	1.519667E-15	1.0075392E-12
120706O2c1_LZ-MvD-0297-MabCampth-trypsin_007.mzXML	scan=1838	1838	HCD	649.34766	0	0.7519572	3	TVAAPSVFIFPPSDEQLK	MabCampath(pre=R,post=S)	95	73	1.7331044E-15	1.1490482E-12
120706O2c1_LZ-MvD-0297-MabCampth-trypsin_007.mzXML	scan=589	589	HCD	682.8838	1	-8.987525	2	TFGQGTKVEIKR	MabCampath(pre=R,post=T)	104	103	1.8046045E-15	1.1964528E-12
120706O2c1_LZ-MvD-0297-MabCampth-trypsin_007.mzXML	scan=2326	2326	CID	1014.02563	0	0.42133677	4	TVAAPSVFIFPPSDEQLKSGTASVVC+57.021LLNNFYPREAK	MabCampath(pre=R,post=V)	173	74	2.002372E-15	1.3275725E-12
120706O2c1_LZ-MvD-0297-MabCampth-trypsin_007.mzXML	scan=1776	1776	CID	1272.5723	0	2.302183	2	GFYPSDIAVEWESNGQPENNYK	MabCampath(pre=K,post=T)	304	234	2.083448E-15	1.381326E-12
120706O2c1_LZ-MvD-0297-MabCampth-trypsin_007.mzXML	scan=506	506	CID	682.39026	0	2.9516337	2	TFGQGTKVEIKR	MabCampath(pre=R,post=T)	179	175	2.2528849E-15	1.4936626E-12
120706O2c1_LZ-MvD-0297-MabCampth-trypsin_007.mzXML	scan=2365	2365	HCD	905.68427	0	1.684783	4	VDNALQSGNSQESVTEQDSKDSTYSLSSTLTLSK	MabCampath(pre=K,post=A)	109	48	2.4265963E-15	1.6088334E-12
120706O2c1_LZ-MvD-0297-MabCampth-trypsin_007.mzXML	scan=868	868	HCD	578.5573	0	1.4769382	4	GQPREPQVYTLPPSRDELTK	MabCampath(pre=K,post=N)	138	84	2.7883567E-15	1.8486805E-12
120706O2c1_LZ-MvD-0297-MabCampth-trypsin_007.mzXML	scan=1464	1464	CID	751.8839	0	1.379999	2	DSTYSLSSTLTLSK	MabCampath(pre=K,post=A)	205	196	2.795301E-15	1.8532847E-12
120706O2c1_LZ-MvD-0297-MabCampth-trypsin_007.mzXML	scan=659	659	HCD	550.278	0	5.545878	5	ADYEKHKVYAC+57.021EVTHQGLSSPVTK	MabCampath(pre=K,post=S)	223	114	2.828359E-15	1.875202E-12
120706O2c1_LZ-MvD-0297-MabCampth-trypsin_007.mzXML	scan=636	636	HCD	536.0252	0	-0.7970628	4	HKVYAC+57.021EVTHQGLSSPVTK	MabCampath(pre=K,post=S)	132	88	3.027479E-15	2.0072186E-12
120706O2c1_LZ-MvD-0297-MabCampth-trypsin_007.mzXML	scan=761	761	CID	714.36584	0	1.0252767	3	HKVYAC+57.021EVTHQGLSSPVTK	MabCampath(pre=K,post=S)	105	69	3.1538997E-15	2.0910355E-12
120706O2c1_LZ-MvD-0297-MabCampth-trypsin_007.mzXML	scan=1386	1386	HCD	853.0556	0	-0.7154881	5	ASQNIDKYLNWYQQKPGKAPKLLIYNTNNLQTGVPSR	MabCampath(pre=K,post=F)	209	73	3.365075E-15	2.2310446E-12
120706O2c1_LZ-MvD-0297-MabCampth-trypsin_007.mzXML	scan=485	485	HCD	455.26077	0	-1.0725298	3	TFGQGTKVEIKR	MabCampath(pre=R,post=T)	71	71	3.863753E-15	2.5616683E-12
120706O2c1_LZ-MvD-0297-MabCampth-trypsin_007.mzXML	scan=1109	1109	CID	583.2821	0	-0.10464088	3	LSSVTAADTAVYYC+57.021AR	MabCampath(pre=R,post=E)	179	154	4.156308E-15	2.755632E-12
120706O2c1_LZ-MvD-0297-MabCampth-trypsin_007.mzXML	scan=1839	1839	CID	649.34766	0	0.7519572	3	TVAAPSVFIFPPSDEQLK	MabCampath(pre=R,post=S)	145	120	4.1949552E-15	2.7812555E-12
120706O2c1_LZ-MvD-0297-MabCampth-trypsin_007.mzXML	scan=590	590	CID	682.8838	1	-8.987525	2	TFGQGTKVEIKR	MabCampath(pre=R,post=T)	111	105	4.797051E-15	3.1804446E-12
120706O2c1_LZ-MvD-0297-MabCampth-trypsin_007.mzXML	scan=939	939	CID	687.5925	0	0.976432	4	ADYEKHKVYAC+57.021EVTHQGLSSPVTK	MabCampath(pre=K,post=S)	152	93	5.19363E-15	3.4433767E-12
120706O2c1_LZ-MvD-0297-MabCampth-trypsin_007.mzXML	scan=960	960	CID	620.0798	0	1.5749006	4	ASQNIDKYLNWYQQKPGKAPK	MabCampath(pre=K,post=L)	153	109	6.545545E-15	4.3396966E-12
120706O2c1_LZ-MvD-0297-MabCampth-trypsin_007.mzXML	scan=852	852	CID	687.59296	0	1.5977979	4	ADYEKHKVYAC+57.021EVTHQGLSSPVTK	MabCampath(pre=K,post=S)	134	86	6.5954576E-15	4.3727886E-12
120706O2c1_LZ-MvD-0297-MabCampth-trypsin_007.mzXML	scan=2430	2430	CID	713.67993	0	-0.9407384	3	TPEVTC+57.021VVVDVSHEDPEVK	MabCampath(pre=R,post=F)	127	88	7.453281E-15	4.9415255E-12
120706O2c1_LZ-MvD-0297-MabCampth-trypsin_007.mzXML	scan=716	716	CID	1068.9819	1	-7.282188	2	VDNALQSGNSQESVTEQDSK	MabCampath(pre=K,post=D)	235	162	7.567487E-15	5.017244E-12
120706O2c1_LZ-MvD-0297-MabCampth-trypsin_007.mzXML	scan=1162	1162	HCD	593.8273	0	0.51391363	2	GPSVFPLAPSSK	MabCampath(pre=K,post=S)	115	115	8.249328E-15	5.4693047E-12
120706O2c1_LZ-MvD-0297-MabCampth-trypsin_007.mzXML	scan=1163	1163	CID	593.8273	0	0.51391363	2	GPSVFPLAPSSK	MabCampath(pre=K,post=S)	127	126	8.249328E-15	5.4693047E-12
120706O2c1_LZ-MvD-0297-MabCampth-trypsin_007.mzXML	scan=1176	1176	HCD	593.83026	0	5.550267	2	GPSVFPLAPSSK	MabCampath(pre=K,post=S)	106	106	8.249328E-15	5.4693047E-12
120706O2c1_LZ-MvD-0297-MabCampth-trypsin_007.mzXML	scan=1177	1177	CID	593.83026	0	5.550267	2	GPSVFPLAPSSK	MabCampath(pre=K,post=S)	123	120	8.249328E-15	5.4693047E-12
120706O2c1_LZ-MvD-0297-MabCampth-trypsin_007.mzXML	scan=1691	1691	HCD	760.37244	0	5.6992083	5	TPEVTC+57.021VVVDVSHEDPEVKFNWYVDGVEVHNAK	MabCampath(pre=R,post=T)	95	20	9.162713E-15	6.074879E-12
120706O2c1_LZ-MvD-0297-MabCampth-trypsin_007.mzXML	scan=2258	2258	CID	1014.02747	0	2.2270658	4	TVAAPSVFIFPPSDEQLKSGTASVVC+57.021LLNNFYPREAK	MabCampath(pre=R,post=V)	166	67	9.996011E-15	6.6273553E-12
120706O2c1_LZ-MvD-0297-MabCampth-trypsin_007.mzXML	scan=694	694	HCD	550.2748	0	-0.33275267	5	ADYEKHKVYAC+57.021EVTHQGLSSPVTK	MabCampath(pre=K,post=S)	217	106	1.0015214E-14	6.640087E-12
120706O2c1_LZ-MvD-0297-MabCampth-trypsin_007.mzXML	scan=624	624	HCD	403.22784	0	0.68114936	3	TFGQGTKVEIK	MabCampath(pre=R,post=R)	137	137	1.0390247E-14	6.8887344E-12
120706O2c1_LZ-MvD-0297-MabCampth-trypsin_007.mzXML	scan=626	626	HCD	604.33734	0	-0.6059707	2	TFGQGTKVEIK	MabCampath(pre=R,post=R)	118	118	1.0390247E-14	6.8887344E-12
120706O2c1_LZ-MvD-0297-MabCampth-trypsin_007.mzXML	scan=2059	2059	CID	1014.036	0	10.653801	4	TVAAPSVFIFPPSDEQLKSGTASVVC+57.021LLNNFYPREAK	MabCampath(pre=R,post=V)	192	74	1.1735057E-14	7.780342E-12
120706O2c1_LZ-MvD-0297-MabCampth-trypsin_007.mzXML	scan=504	504	CID	455.2632	0	4.290119	3	TFGQGTKVEIKR	MabCampath(pre=R,post=T)	114	105	1.1851202E-14	7.857347E-12
120706O2c1_LZ-MvD-0297-MabCampth-trypsin_007.mzXML	scan=2397	2397	CID	1014.02545	0	0.24076386	4	TVAAPSVFIFPPSDEQLKSGTASVVC+57.021LLNNFYPREAK	MabCampath(pre=R,post=V)	163	64	1.4689776E-14	9.739321E-12
120706O2c1_LZ-MvD-0297-MabCampth-trypsin_007.mzXML	scan=863	863	HCD	634.3845	0	-0.19242318	2	ALPAPIEKTISK	MabCampath(pre=K,post=A)	141	140	1.4920602E-14	9.8923595E-12
120706O2c1_LZ-MvD-0297-MabCampth-trypsin_007.mzXML	scan=1039	1039	CID	976.52386	0	1.1250458	2	GRVTMLVDTSKNQFSLR	MabCampath(pre=K,post=L)	247	172	1.5304452E-14	1.0146852E-11
120706O2c1_LZ-MvD-0297-MabCampth-trypsin_007.mzXML	scan=1863	1863	CID	985.4729	0	1.1148293	4	FSGSGSGTDFTFTISSLQPEDIATYYC+57.021LQHISRPR	MabCampath(pre=R,post=T)	231	125	1.6192229E-14	1.0735447E-11
120706O2c1_LZ-MvD-0297-MabCampth-trypsin_007.mzXML	scan=708	708	HCD	629.8011	0	-0.09691179	2	GYTTEYNPSVK	MabCampath(pre=K,post=G)	136	131	1.6229395E-14	1.0760089E-11
120706O2c1_LZ-MvD-0297-MabCampth-trypsin_007.mzXML	scan=1806	1806	HCD	1273.0626	1	-6.5939684	2	GFYPSDIAVEWESNGQPENNYK	MabCampath(pre=K,post=T)	126	68	1.774328E-14	1.1763794E-11
120706O2c1_LZ-MvD-0297-MabCampth-trypsin_007.mzXML	scan=2066	2066	CID	1351.7196	0	16.07498	3	TVAAPSVFIFPPSDEQLKSGTASVVC+57.021LLNNFYPREAK	MabCampath(pre=R,post=V)	193	78	2.045205E-14	1.3559709E-11
120706O2c1_LZ-MvD-0297-MabCampth-trypsin_007.mzXML	scan=872	872	HCD	771.0732	0	0.3957807	3	GQPREPQVYTLPPSRDELTK	MabCampath(pre=K,post=N)	131	80	2.0645911E-14	1.3688239E-11
120706O2c1_LZ-MvD-0297-MabCampth-trypsin_007.mzXML	scan=864	864	CID	634.3845	0	-0.19242318	2	ALPAPIEKTISK	MabCampath(pre=K,post=A)	125	118	2.1411151E-14	1.41955935E-11
120706O2c1_LZ-MvD-0297-MabCampth-trypsin_007.mzXML	scan=588	588	CID	455.59232	1	-7.461479	3	TFGQGTKVEIKR	MabCampath(pre=R,post=T)	112	100	2.5611547E-14	1.6980455E-11
120706O2c1_LZ-MvD-0297-MabCampth-trypsin_007.mzXML	scan=1073	1073	HCD	720.9508	0	0.76193386	5	LTVDKSRWQQGNVFSC+57.021SVMHEALHNHYTQK	MabCampath(pre=K,post=S)	104	16	2.604419E-14	1.7267299E-11
120706O2c1_LZ-MvD-0297-MabCampth-trypsin_007.mzXML	scan=1079	1079	CID	546.0327	0	0.22355865	4	ASQNIDKYLNWYQQKPGK	MabCampath(pre=K,post=A)	135	96	2.7284485E-14	1.8089613E-11
120706O2c1_LZ-MvD-0297-MabCampth-trypsin_007.mzXML	scan=1313	1313	HCD	905.6823	0	-0.47173923	4	VDNALQSGNSQESVTEQDSKDSTYSLSSTLTLSK	MabCampath(pre=K,post=A)	175	67	2.8278964E-14	1.8748954E-11
120706O2c1_LZ-MvD-0297-MabCampth-trypsin_007.mzXML	scan=676	676	CID	455.2611	0	-0.33516556	3	TFGQGTKVEIKR	MabCampath(pre=R,post=T)	95	84	3.2708567E-14	2.168578E-11
120706O2c1_LZ-MvD-0297-MabCampth-trypsin_007.mzXML	scan=1247	1247	CID	864.212	0	2.9662678	4	GQPREPQVYTLPPSRDELTKNQVSLTC+57.021LVK	MabCampath(pre=K,post=G)	153	74	3.9166333E-14	2.5967279E-11
120706O2c1_LZ-MvD-0297-MabCampth-trypsin_007.mzXML	scan=2198	2198	HCD	905.6845	0	1.9543483	4	VDNALQSGNSQESVTEQDSKDSTYSLSSTLTLSK	MabCampath(pre=K,post=A)	111	36	3.9360872E-14	2.6096257E-11
120706O2c1_LZ-MvD-0297-MabCampth-trypsin_007.mzXML	scan=604	604	CID	633.87476	0	0.48144516	2	VSNKALPAPIEK	MabCampath(pre=K,post=T)	162	147	4.478592E-14	2.9693064E-11
120706O2c1_LZ-MvD-0297-MabCampth-trypsin_007.mzXML	scan=1191	1191	CID	559.9391	0	0.436013	3	FNWYVDGVEVHNAK	MabCampath(pre=K,post=T)	149	122	4.8465667E-14	3.2132737E-11
120706O2c1_LZ-MvD-0297-MabCampth-trypsin_007.mzXML	scan=1130	1130	CID	913.99335	0	1.0016793	4	AKGQPREPQVYTLPPSRDELTKNQVSLTC+57.021LVK	MabCampath(pre=K,post=G)	183	94	4.981887E-14	3.302991E-11
120706O2c1_LZ-MvD-0297-MabCampth-trypsin_007.mzXML	scan=679	679	CID	474.5385	0	-0.12862001	4	VSNKALPAPIEKTISKAK	MabCampath(pre=K,post=G)	100	73	5.131045E-14	3.401883E-11
120706O2c1_LZ-MvD-0297-MabCampth-trypsin_007.mzXML	scan=2369	2369	HCD	874.41895	0	-0.7678084	2	LSSVTAADTAVYYC+57.021AR	MabCampath(pre=R,post=E)	88	52	5.2450977E-14	3.4775E-11
120706O2c1_LZ-MvD-0297-MabCampth-trypsin_007.mzXML	scan=1179	1179	CID	559.942	0	5.668169	3	FNWYVDGVEVHNAK	MabCampath(pre=K,post=T)	150	124	5.3953424E-14	3.577112E-11
120706O2c1_LZ-MvD-0297-MabCampth-trypsin_007.mzXML	scan=1022	1022	HCD	496.26434	0	-0.3074729	5	ASQNIDKYLNWYQQKPGKAPK	MabCampath(pre=K,post=L)	96	50	5.930427E-14	3.9318732E-11
120706O2c1_LZ-MvD-0297-MabCampth-trypsin_007.mzXML	scan=784	784	HCD	733.9516	0	1.2473962	2	ALPAPIEKTISKAK	MabCampath(pre=K,post=G)	70	60	6.342487E-14	4.205069E-11
120706O2c1_LZ-MvD-0297-MabCampth-trypsin_007.mzXML	scan=709	709	CID	629.8011	0	-0.09691179	2	GYTTEYNPSVK	MabCampath(pre=K,post=G)	138	126	6.4954125E-14	4.3064587E-11
120706O2c1_LZ-MvD-0297-MabCampth-trypsin_007.mzXML	scan=2332	2332	HCD	713.6833	0	3.7629535	3	TPEVTC+57.021VVVDVSHEDPEVK	MabCampath(pre=R,post=F)	75	40	6.69673E-14	4.4399318E-11
120706O2c1_LZ-MvD-0297-MabCampth-trypsin_007.mzXML	scan=581	581	CID	455.26108	0	-0.40219867	3	TFGQGTKVEIKR	MabCampath(pre=R,post=T)	110	96	7.38083E-14	4.8934905E-11
120706O2c1_LZ-MvD-0297-MabCampth-trypsin_007.mzXML	scan=1060	1060	CID	455.26105	0	-0.46923175	3	TFGQGTKVEIKR	MabCampath(pre=R,post=T)	69	62	7.6943985E-14	5.1013863E-11
120706O2c1_LZ-MvD-0297-MabCampth-trypsin_007.mzXML	scan=1551	1551	HCD	736.9797	0	4.6378274	5	GRVTMLVDTSKNQFSLRLSSVTAADTAVYYC+57.021AR	MabCampath(pre=K,post=E)	207	66	7.7423094E-14	5.1331512E-11
120706O2c1_LZ-MvD-0297-MabCampth-trypsin_007.mzXML	scan=2230	2230	CID	901.99176	0	0.1353342	2	LLIYNTNNLQTGVPSR	MabCampath(pre=K,post=F)	119	78	8.2254245E-14	5.453456E-11
120706O2c1_LZ-MvD-0297-MabCampth-trypsin_007.mzXML	scan=627	627	CID	604.33734	0	-0.6059707	2	TFGQGTKVEIK	MabCampath(pre=R,post=R)	126	117	9.01194E-14	5.9749164E-11
120706O2c1_LZ-MvD-0297-MabCampth-trypsin_007.mzXML	scan=829	829	CID	455.26154	0	0.603298	3	TFGQGTKVEIKR	MabCampath(pre=R,post=T)	75	66	9.168916E-14	6.0789915E-11
120706O2c1_LZ-MvD-0297-MabCampth-trypsin_007.mzXML	scan=2293	2293	HCD	905.6844	0	1.8195657	4	VDNALQSGNSQESVTEQDSKDSTYSLSSTLTLSK	MabCampath(pre=K,post=A)	82	19	9.975208E-14	6.613563E-11
120706O2c1_LZ-MvD-0297-MabCampth-trypsin_007.mzXML	scan=2119	2119	HCD	1014.0255	0	0.30095482	4	TVAAPSVFIFPPSDEQLKSGTASVVC+57.021LLNNFYPREAK	MabCampath(pre=R,post=V)	108	22	1.05776776E-13	7.0130006E-11
120706O2c1_LZ-MvD-0297-MabCampth-trypsin_007.mzXML	scan=1001	1001	HCD	936.989	0	0.32569847	2	EPQVYTLPPSRDELTK	MabCampath(pre=R,post=N)	154	110	1.0652796E-13	7.062804E-11
120706O2c1_LZ-MvD-0297-MabCampth-trypsin_007.mzXML	scan=685	685	HCD	423.24722	1	-14.093486	3	VSNKALPAPIEK	MabCampath(pre=K,post=T)	119	108	1.3317822E-13	8.829716E-11
120706O2c1_LZ-MvD-0297-MabCampth-trypsin_007.mzXML	scan=2408	2408	CID	874.4252	0	6.3518696	2	LSSVTAADTAVYYC+57.021AR	MabCampath(pre=R,post=E)	65	39	1.374454E-13	9.1126294E-11
120706O2c1_LZ-MvD-0297-MabCampth-trypsin_007.mzXML	scan=911	911	CID	455.26126	0	0.0	3	TFGQGTKVEIKR	MabCampath(pre=R,post=T)	83	71	1.4110463E-13	9.3552374E-11
120706O2c1_LZ-MvD-0297-MabCampth-trypsin_007.mzXML	scan=1086	1086	CID	636.74005	0	1.3419814	5	VTITC+57.021KASQNIDKYLNWYQQKPGKAPK	MabCampath(pre=R,post=L)	131	65	1.4498988E-13	9.612829E-11
120706O2c1_LZ-MvD-0297-MabCampth-trypsin_007.mzXML	scan=920	920	CID	626.3111	1	-6.109086	3	VYAC+57.021EVTHQGLSSPVTK	MabCampath(pre=K,post=S)	147	96	1.4732428E-13	9.7676E-11
120706O2c1_LZ-MvD-0297-MabCampth-trypsin_007.mzXML	scan=601	601	HCD	422.91925	0	1.2267104	3	VSNKALPAPIEK	MabCampath(pre=K,post=T)	106	95	1.5544705E-13	1.0306139E-10
120706O2c1_LZ-MvD-0297-MabCampth-trypsin_007.mzXML	scan=2129	2129	CID	931.9827	0	1.3097932	4	TVAAPSVFIFPPSDEQLKSGTASVVC+57.021LLNNFYPR	MabCampath(pre=R,post=E)	183	73	1.689131E-13	1.1198939E-10
120706O2c1_LZ-MvD-0297-MabCampth-trypsin_007.mzXML	scan=981	981	CID	1339.1404	0	1.2761818	2	VQWKVDNALQSGNSQESVTEQDSK	MabCampath(pre=K,post=D)	143	89	1.8067771E-13	1.1978932E-10
120706O2c1_LZ-MvD-0297-MabCampth-trypsin_007.mzXML	scan=2333	2333	CID	713.6833	0	3.7629535	3	TPEVTC+57.021VVVDVSHEDPEVK	MabCampath(pre=R,post=F)	139	83	1.823616E-13	1.2090574E-10
120706O2c1_LZ-MvD-0297-MabCampth-trypsin_007.mzXML	scan=2272	2272	CID	713.6811	0	0.68417335	3	TPEVTC+57.021VVVDVSHEDPEVK	MabCampath(pre=R,post=F)	135	86	1.8290718E-13	1.2126747E-10
120706O2c1_LZ-MvD-0297-MabCampth-trypsin_007.mzXML	scan=2207	2207	HCD	713.68335	0	3.8484752	3	TPEVTC+57.021VVVDVSHEDPEVK	MabCampath(pre=R,post=F)	70	34	1.9123353E-13	1.2678783E-10
120706O2c1_LZ-MvD-0297-MabCampth-trypsin_007.mzXML	scan=1037	1037	CID	651.3521	0	1.7804042	3	GRVTMLVDTSKNQFSLR	MabCampath(pre=K,post=L)	169	126	2.5042362E-13	1.6603086E-10
120706O2c1_LZ-MvD-0297-MabCampth-trypsin_007.mzXML	scan=991	991	HCD	698.72577	0	-0.08735208	6	VSNKALPAPIEKTISKAKGQPREPQVYTLPPSRDELTK	MabCampath(pre=K,post=N)	148	24	2.5097017E-13	1.6639323E-10
120706O2c1_LZ-MvD-0297-MabCampth-trypsin_007.mzXML	scan=1807	1807	CID	1273.0626	1	-6.5939684	2	GFYPSDIAVEWESNGQPENNYK	MabCampath(pre=K,post=T)	289	203	2.7875803E-13	1.8481658E-10
120706O2c1_LZ-MvD-0297-MabCampth-trypsin_007.mzXML	scan=750	750	CID	628.3395	0	0.0	4	AKGQPREPQVYTLPPSRDELTK	MabCampath(pre=K,post=N)	143	85	3.0764223E-13	2.039668E-10
120706O2c1_LZ-MvD-0297-MabCampth-trypsin_007.mzXML	scan=1275	1275	CID	861.0912	0	-0.14176233	3	DIQMTQSPSSLSASVGDRVTITC+57.021K	MabCampath(pre=-,post=A)	194	115	3.785771E-13	2.509966E-10
120706O2c1_LZ-MvD-0297-MabCampth-trypsin_007.mzXML	scan=602	602	CID	422.91925	0	1.2267104	3	VSNKALPAPIEK	MabCampath(pre=K,post=T)	46	38	4.323248E-13	2.8663136E-10
120706O2c1_LZ-MvD-0297-MabCampth-trypsin_007.mzXML	scan=2360	2360	HCD	593.8276	0	1.0278273	2	GPSVFPLAPSSK	MabCampath(pre=K,post=S)	44	35	4.3522282E-13	2.8855274E-10
120706O2c1_LZ-MvD-0297-MabCampth-trypsin_007.mzXML	scan=2348	2348	HCD	559.9389	0	0.10900325	3	FNWYVDGVEVHNAK	MabCampath(pre=K,post=T)	75	38	4.5150342E-13	2.9934677E-10
120706O2c1_LZ-MvD-0297-MabCampth-trypsin_007.mzXML	scan=1090	1090	CID	530.78436	0	0.9199248	6	VTITC+57.021KASQNIDKYLNWYQQKPGKAPK	MabCampath(pre=R,post=L)	119	61	4.569929E-13	3.0298627E-10
120706O2c1_LZ-MvD-0297-MabCampth-trypsin_007.mzXML	scan=2478	2478	CID	713.6835	0	4.0195184	3	TPEVTC+57.021VVVDVSHEDPEVK	MabCampath(pre=R,post=F)	108	63	4.7165017E-13	3.1270406E-10
120706O2c1_LZ-MvD-0297-MabCampth-trypsin_007.mzXML	scan=669	669	CID	1374.1775	0	0.7106529	2	ADYEKHKVYAC+57.021EVTHQGLSSPVTK	MabCampath(pre=K,post=S)	160	89	5.0818225E-13	3.3692482E-10
120706O2c1_LZ-MvD-0297-MabCampth-trypsin_007.mzXML	scan=1002	1002	CID	936.989	0	0.32569847	2	EPQVYTLPPSRDELTK	MabCampath(pre=R,post=N)	219	157	5.1302403E-13	3.4013495E-10
120706O2c1_LZ-MvD-0297-MabCampth-trypsin_007.mzXML	scan=2205	2205	HCD	559.93854	0	-0.5450163	3	FNWYVDGVEVHNAK	MabCampath(pre=K,post=T)	70	37	5.1366696E-13	3.405612E-10
120706O2c1_LZ-MvD-0297-MabCampth-trypsin_007.mzXML	scan=747	747	CID	455.2614	0	0.33516556	3	TFGQGTKVEIKR	MabCampath(pre=R,post=T)	74	65	5.333044E-13	3.5358083E-10
120706O2c1_LZ-MvD-0297-MabCampth-trypsin_007.mzXML	scan=2041	2041	HCD	811.4206	0	-1.2787404	5	TVAAPSVFIFPPSDEQLKSGTASVVC+57.021LLNNFYPREAK	MabCampath(pre=R,post=V)	72	-10	5.576638E-13	3.6973108E-10
120706O2c1_LZ-MvD-0297-MabCampth-trypsin_007.mzXML	scan=1031	1031	HCD	620.07874	0	-0.09843129	4	ASQNIDKYLNWYQQKPGKAPK	MabCampath(pre=K,post=L)	80	28	6.658689E-13	4.4147108E-10
120706O2c1_LZ-MvD-0297-MabCampth-trypsin_007.mzXML	scan=2342	2342	CID	1057.2496	0	0.46184123	4	VDNALQSGNSQESVTEQDSKDSTYSLSSTLTLSKADYEK	MabCampath(pre=K,post=H)	175	53	6.9019297E-13	4.5759793E-10
120706O2c1_LZ-MvD-0297-MabCampth-trypsin_007.mzXML	scan=1391	1391	CID	902.4833	1	-11.130072	2	LLIYNTNNLQTGVPSR	MabCampath(pre=K,post=F)	244	166	7.3099426E-13	4.846492E-10
120706O2c1_LZ-MvD-0297-MabCampth-trypsin_007.mzXML	scan=1550	1550	CID	920.9741	0	6.097097	4	GRVTMLVDTSKNQFSLRLSSVTAADTAVYYC+57.021AR	MabCampath(pre=K,post=E)	209	82	8.676144E-13	5.7522836E-10
120706O2c1_LZ-MvD-0297-MabCampth-trypsin_007.mzXML	scan=1309	1309	HCD	901.9921	0	0.5413368	2	LLIYNTNNLQTGVPSR	MabCampath(pre=K,post=F)	72	37	9.831078E-13	6.5180045E-10
120706O2c1_LZ-MvD-0297-MabCampth-trypsin_007.mzXML	scan=1377	1377	CID	593.82776	0	1.3361754	2	GPSVFPLAPSSK	MabCampath(pre=K,post=S)	86	78	1.1176576E-12	7.4100703E-10
120706O2c1_LZ-MvD-0297-MabCampth-trypsin_007.mzXML	scan=2278	2278	HCD	559.9384	0	-0.7630228	3	FNWYVDGVEVHNAK	MabCampath(pre=K,post=T)	65	28	1.1466713E-12	7.6024304E-10
120706O2c1_LZ-MvD-0297-MabCampth-trypsin_007.mzXML	scan=1123	1123	CID	731.3948	0	-0.8345029	5	AKGQPREPQVYTLPPSRDELTKNQVSLTC+57.021LVK	MabCampath(pre=K,post=G)	139	58	1.1660572E-12	7.730959E-10
120706O2c1_LZ-MvD-0297-MabCampth-trypsin_007.mzXML	scan=611	611	CID	546.5696	0	-0.6700166	4	C+57.021KVSNKALPAPIEKTISKAK	MabCampath(pre=K,post=G)	141	86	1.3578256E-12	9.002384E-10
120706O2c1_LZ-MvD-0297-MabCampth-trypsin_007.mzXML	scan=999	999	CID	455.26105	0	-0.46923175	3	TFGQGTKVEIKR	MabCampath(pre=R,post=T)	63	53	1.4668791E-12	9.725408E-10
120706O2c1_LZ-MvD-0297-MabCampth-trypsin_007.mzXML	scan=1100	1100	CID	581.3191	0	1.0499434	2	NQVSLTC+57.021LVK	MabCampath(pre=K,post=G)	132	131	1.5094902E-12	1.000792E-9
120706O2c1_LZ-MvD-0297-MabCampth-trypsin_007.mzXML	scan=2283	2283	HCD	455.2614	0	0.33516556	3	TFGQGTKVEIKR	MabCampath(pre=R,post=T)	35	27	1.6931664E-12	1.1225694E-9
120706O2c1_LZ-MvD-0297-MabCampth-trypsin_007.mzXML	scan=840	840	HCD	497.2682	0	0.613705	2	VTMLVDTSK	MabCampath(pre=R,post=N)	138	138	1.7177419E-12	1.1388629E-9
120706O2c1_LZ-MvD-0297-MabCampth-trypsin_007.mzXML	scan=841	841	CID	497.2682	0	0.613705	2	VTMLVDTSK	MabCampath(pre=R,post=N)	94	94	1.7177419E-12	1.1388629E-9
120706O2c1_LZ-MvD-0297-MabCampth-trypsin_007.mzXML	scan=1032	1032	CID	620.07874	0	-0.09843129	4	ASQNIDKYLNWYQQKPGKAPK	MabCampath(pre=K,post=L)	141	85	1.7269581E-12	1.1449732E-9
120706O2c1_LZ-MvD-0297-MabCampth-trypsin_007.mzXML	scan=690	690	CID	604.83307	1	-10.451254	2	TFGQGTKVEIK	MabCampath(pre=R,post=R)	71	59	1.7723596E-12	1.1750744E-9
120706O2c1_LZ-MvD-0297-MabCampth-trypsin_007.mzXML	scan=2531	2531	HCD	1207.2421	0	0.6066905	3	VDNALQSGNSQESVTEQDSKDSTYSLSSTLTLSK	MabCampath(pre=K,post=A)	58	-9	1.9174764E-12	1.2712869E-9
120706O2c1_LZ-MvD-0297-MabCampth-trypsin_007.mzXML	scan=1376	1376	HCD	593.82776	0	1.3361754	2	GPSVFPLAPSSK	MabCampath(pre=K,post=S)	67	60	1.939974E-12	1.2862028E-9
120706O2c1_LZ-MvD-0297-MabCampth-trypsin_007.mzXML	scan=652	652	HCD	714.3655	0	0.51263833	3	HKVYAC+57.021EVTHQGLSSPVTK	MabCampath(pre=K,post=S)	155	79	2.0670414E-12	1.3704484E-9
120706O2c1_LZ-MvD-0297-MabCampth-trypsin_007.mzXML	scan=2220	2220	CID	593.8271	0	0.20556545	2	GPSVFPLAPSSK	MabCampath(pre=K,post=S)	37	35	2.737323E-12	1.8148452E-9
120706O2c1_LZ-MvD-0297-MabCampth-trypsin_007.mzXML	scan=625	625	CID	403.22784	0	0.68114936	3	TFGQGTKVEIK	MabCampath(pre=R,post=R)	68	58	2.9759092E-12	1.973028E-9
120706O2c1_LZ-MvD-0297-MabCampth-trypsin_007.mzXML	scan=1389	1389	CID	1066.0679	0	-0.5725257	4	ASQNIDKYLNWYQQKPGKAPKLLIYNTNNLQTGVPSR	MabCampath(pre=K,post=F)	197	62	3.2707149E-12	2.168484E-9
120706O2c1_LZ-MvD-0297-MabCampth-trypsin_007.mzXML	scan=1004	1004	CID	792.06287	0	-1.3099923	3	DSTYSLSSTLTLSKADYEKHK	MabCampath(pre=K,post=V)	144	74	3.3781422E-12	2.2397082E-9
120706O2c1_LZ-MvD-0297-MabCampth-trypsin_007.mzXML	scan=869	869	CID	578.5573	0	1.4769382	4	GQPREPQVYTLPPSRDELTK	MabCampath(pre=K,post=N)	136	79	3.8139288E-12	2.5286346E-9
120706O2c1_LZ-MvD-0297-MabCampth-trypsin_007.mzXML	scan=1319	1319	CID	601.6676	0	6.796748	3	LLIYNTNNLQTGVPSR	MabCampath(pre=K,post=F)	195	117	4.097031E-12	2.7163316E-9
120706O2c1_LZ-MvD-0297-MabCampth-trypsin_007.mzXML	scan=1026	1026	HCD	536.0262	0	1.024795	4	HKVYAC+57.021EVTHQGLSSPVTK	MabCampath(pre=K,post=S)	82	37	4.100157E-12	2.7184042E-9
120706O2c1_LZ-MvD-0297-MabCampth-trypsin_007.mzXML	scan=687	687	HCD	634.3668	1	-14.682418	2	VSNKALPAPIEK	MabCampath(pre=K,post=T)	74	59	5.1677863E-12	3.4262422E-9
120706O2c1_LZ-MvD-0297-MabCampth-trypsin_007.mzXML	scan=682	682	HCD	778.4606	0	0.47042987	3	VSNKALPAPIEKTISKAKGQPR	MabCampath(pre=K,post=E)	84	16	5.62478E-12	3.729229E-9
120706O2c1_LZ-MvD-0297-MabCampth-trypsin_007.mzXML	scan=1023	1023	CID	496.26434	0	-0.3074729	5	ASQNIDKYLNWYQQKPGKAPK	MabCampath(pre=K,post=L)	115	65	5.7531E-12	3.8143053E-9
120706O2c1_LZ-MvD-0297-MabCampth-trypsin_007.mzXML	scan=2434	2434	CID	901.99274	0	1.2180078	2	LLIYNTNNLQTGVPSR	MabCampath(pre=K,post=F)	55	22	5.780223E-12	3.832288E-9
120706O2c1_LZ-MvD-0297-MabCampth-trypsin_007.mzXML	scan=2505	2505	HCD	901.9895	0	-2.3683484	2	LLIYNTNNLQTGVPSR	MabCampath(pre=K,post=F)	22	-1	6.069234E-12	4.023902E-9
120706O2c1_LZ-MvD-0297-MabCampth-trypsin_007.mzXML	scan=873	873	CID	771.0732	0	0.3957807	3	GQPREPQVYTLPPSRDELTK	MabCampath(pre=K,post=N)	212	141	6.218056E-12	4.122571E-9
120706O2c1_LZ-MvD-0297-MabCampth-trypsin_007.mzXML	scan=1041	1041	CID	488.76544	0	0.87413394	4	GRVTMLVDTSKNQFSLR	MabCampath(pre=K,post=L)	115	66	6.5457023E-12	4.339801E-9
120706O2c1_LZ-MvD-0297-MabCampth-trypsin_007.mzXML	scan=1242	1242	CID	691.5699	0	1.323841	5	GQPREPQVYTLPPSRDELTKNQVSLTC+57.021LVK	MabCampath(pre=K,post=G)	154	62	9.69997E-12	6.43108E-9
120706O2c1_LZ-MvD-0297-MabCampth-trypsin_007.mzXML	scan=980	980	HCD	1339.1404	0	1.2761818	2	VQWKVDNALQSGNSQESVTEQDSK	MabCampath(pre=K,post=D)	45	6	9.852685E-12	6.53233E-9
120706O2c1_LZ-MvD-0297-MabCampth-trypsin_007.mzXML	scan=2362	2362	HCD	901.9904	0	-1.3533419	2	LLIYNTNNLQTGVPSR	MabCampath(pre=K,post=F)	20	-5	1.1790619E-11	7.817181E-9
120706O2c1_LZ-MvD-0297-MabCampth-trypsin_007.mzXML	scan=2208	2208	CID	713.68335	0	3.8484752	3	TPEVTC+57.021VVVDVSHEDPEVK	MabCampath(pre=R,post=F)	135	73	1.1812349E-11	7.831588E-9
120706O2c1_LZ-MvD-0297-MabCampth-trypsin_007.mzXML	scan=2279	2279	CID	559.9384	0	-0.7630228	3	FNWYVDGVEVHNAK	MabCampath(pre=K,post=T)	106	65	1.2011067E-11	7.9633375E-9
120706O2c1_LZ-MvD-0297-MabCampth-trypsin_007.mzXML	scan=560	560	CID	491.2437	0	-0.68335354	3	GYTTEYNPSVKGR	MabCampath(pre=K,post=V)	83	52	1.2637847E-11	8.378893E-9
120706O2c1_LZ-MvD-0297-MabCampth-trypsin_007.mzXML	scan=1314	1314	CID	905.6823	0	-0.47173923	4	VDNALQSGNSQESVTEQDSKDSTYSLSSTLTLSK	MabCampath(pre=K,post=A)	185	62	1.694547E-11	1.1234847E-8
120706O2c1_LZ-MvD-0297-MabCampth-trypsin_007.mzXML	scan=1099	1099	HCD	581.3191	0	1.0499434	2	NQVSLTC+57.021LVK	MabCampath(pre=K,post=G)	107	95	1.8295247E-11	1.212975E-8
120706O2c1_LZ-MvD-0297-MabCampth-trypsin_007.mzXML	scan=562	562	CID	736.36255	0	0.16577478	2	GYTTEYNPSVKGR	MabCampath(pre=K,post=V)	55	19	1.8946587E-11	1.2561587E-8
120706O2c1_LZ-MvD-0297-MabCampth-trypsin_007.mzXML	scan=756	756	HCD	502.8734	0	0.72823733	5	AKGQPREPQVYTLPPSRDELTK	MabCampath(pre=K,post=N)	90	28	2.0458102E-11	1.3563723E-8
120706O2c1_LZ-MvD-0297-MabCampth-trypsin_007.mzXML	scan=953	953	CID	496.26474	0	0.49195665	5	ASQNIDKYLNWYQQKPGKAPK	MabCampath(pre=K,post=L)	137	73	2.1244683E-11	1.40852245E-8
120706O2c1_LZ-MvD-0297-MabCampth-trypsin_007.mzXML	scan=2319	2319	CID	861.09125	0	-0.070881166	3	DIQMTQSPSSLSASVGDRVTITC+57.021K	MabCampath(pre=-,post=A)	195	90	2.2935E-11	1.5205904E-8
120706O2c1_LZ-MvD-0297-MabCampth-trypsin_007.mzXML	scan=2438	2438	CID	839.4035	0	-1.3815362	2	FNWYVDGVEVHNAK	MabCampath(pre=K,post=T)	38	1	2.382854E-11	1.5798323E-8
120706O2c1_LZ-MvD-0297-MabCampth-trypsin_007.mzXML	scan=2282	2282	CID	593.8274	0	0.7194791	2	GPSVFPLAPSSK	MabCampath(pre=K,post=S)	38	32	2.4223384E-11	1.6060103E-8
120706O2c1_LZ-MvD-0297-MabCampth-trypsin_007.mzXML	scan=2407	2407	HCD	874.4252	0	6.3518696	2	LSSVTAADTAVYYC+57.021AR	MabCampath(pre=R,post=E)	25	-8	2.9076398E-11	1.9277651E-8
120706O2c1_LZ-MvD-0297-MabCampth-trypsin_007.mzXML	scan=1457	1457	CID	1041.0087	0	0.4690465	4	VQWKVDNALQSGNSQESVTEQDSKDSTYSLSSTLTLSK	MabCampath(pre=K,post=A)	217	58	3.20957E-11	2.127945E-8
120706O2c1_LZ-MvD-0297-MabCampth-trypsin_007.mzXML	scan=2385	2385	CID	861.0927	0	1.6302668	3	DIQMTQSPSSLSASVGDRVTITC+57.021K	MabCampath(pre=-,post=A)	189	88	3.4529504E-11	2.289306E-8
120706O2c1_LZ-MvD-0297-MabCampth-trypsin_007.mzXML	scan=990	990	CID	624.9949	0	0.0	3	EPQVYTLPPSRDELTK	MabCampath(pre=R,post=N)	129	68	3.5322023E-11	2.3418501E-8
120706O2c1_LZ-MvD-0297-MabCampth-trypsin_007.mzXML	scan=2251	2251	CID	861.0901	0	-1.4176233	3	DIQMTQSPSSLSASVGDRVTITC+57.021K	MabCampath(pre=-,post=A)	187	85	3.658332E-11	2.425474E-8
120706O2c1_LZ-MvD-0297-MabCampth-trypsin_007.mzXML	scan=1067	1067	CID	561.0598	0	1.0878559	5	WQQGNVFSC+57.021SVMHEALHNHYTQK	MabCampath(pre=R,post=S)	130	62	4.1812012E-11	2.7721365E-8
120706O2c1_LZ-MvD-0297-MabCampth-trypsin_007.mzXML	scan=637	637	CID	536.0252	0	-0.7970628	4	HKVYAC+57.021EVTHQGLSSPVTK	MabCampath(pre=K,post=S)	145	82	4.586949E-11	3.041147E-8
120706O2c1_LZ-MvD-0297-MabCampth-trypsin_007.mzXML	scan=2206	2206	CID	559.93854	0	-0.5450163	3	FNWYVDGVEVHNAK	MabCampath(pre=K,post=T)	106	60	4.6440712E-11	3.079019E-8
120706O2c1_LZ-MvD-0297-MabCampth-trypsin_007.mzXML	scan=1866	1866	HCD	788.5796	0	0.8513881	5	FSGSGSGTDFTFTISSLQPEDIATYYC+57.021LQHISRPR	MabCampath(pre=R,post=T)	101	-12	5.2647046E-11	3.4904993E-8
120706O2c1_LZ-MvD-0297-MabCampth-trypsin_007.mzXML	scan=739	739	CID	848.50446	0	0.7193268	2	VSNKALPAPIEKTISK	MabCampath(pre=K,post=A)	138	62	5.8081172E-11	3.8507817E-8
120706O2c1_LZ-MvD-0297-MabCampth-trypsin_007.mzXML	scan=1832	1832	CID	625.31213	0	0.0	3	TTPPVLDSDGSFFLYSK	MabCampath(pre=K,post=L)	122	63	5.97993E-11	3.964693E-8
120706O2c1_LZ-MvD-0297-MabCampth-trypsin_007.mzXML	scan=2349	2349	CID	559.9389	0	0.10900325	3	FNWYVDGVEVHNAK	MabCampath(pre=K,post=T)	99	55	6.494484E-11	4.305843E-8
120706O2c1_LZ-MvD-0297-MabCampth-trypsin_007.mzXML	scan=2396	2396	HCD	1014.02545	0	0.24076386	4	TVAAPSVFIFPPSDEQLKSGTASVVC+57.021LLNNFYPREAK	MabCampath(pre=R,post=V)	85	-20	6.6406464E-11	4.4027487E-8
120706O2c1_LZ-MvD-0297-MabCampth-trypsin_007.mzXML	scan=2042	2042	CID	811.4206	0	-1.2787404	5	TVAAPSVFIFPPSDEQLKSGTASVVC+57.021LLNNFYPREAK	MabCampath(pre=R,post=V)	164	44	7.4922055E-11	4.967332E-8
120706O2c1_LZ-MvD-0297-MabCampth-trypsin_007.mzXML	scan=688	688	CID	634.3668	1	-14.682418	2	VSNKALPAPIEK	MabCampath(pre=K,post=T)	63	40	7.736892E-11	5.1295594E-8
120706O2c1_LZ-MvD-0297-MabCampth-trypsin_007.mzXML	scan=2361	2361	CID	593.8276	0	1.0278273	2	GPSVFPLAPSSK	MabCampath(pre=K,post=S)	50	34	8.123877E-11	5.3861307E-8
120706O2c1_LZ-MvD-0297-MabCampth-trypsin_007.mzXML	scan=2281	2281	HCD	593.8274	0	0.7194791	2	GPSVFPLAPSSK	MabCampath(pre=K,post=S)	16	3	8.3399655E-11	5.529397E-8
120706O2c1_LZ-MvD-0297-MabCampth-trypsin_007.mzXML	scan=878	878	CID	578.56323	0	11.710011	4	GQPREPQVYTLPPSRDELTK	MabCampath(pre=K,post=N)	119	56	8.674954E-11	5.7514942E-8
120706O2c1_LZ-MvD-0297-MabCampth-trypsin_007.mzXML	scan=856	856	HCD	418.2213	0	1.3864305	2	DTLMISR	MabCampath(pre=K,post=T)	97	97	1.0156183E-10	6.733549E-8
120706O2c1_LZ-MvD-0297-MabCampth-trypsin_007.mzXML	scan=875	875	HCD	418.22583	0	12.185994	2	DTLMISR	MabCampath(pre=K,post=T)	100	100	1.0156183E-10	6.733549E-8
120706O2c1_LZ-MvD-0297-MabCampth-trypsin_007.mzXML	scan=486	486	CID	455.26077	0	-1.0725298	3	TFGQGTKVEIKR	MabCampath(pre=R,post=T)	67	39	1.0385874E-10	6.885834E-8
120706O2c1_LZ-MvD-0297-MabCampth-trypsin_007.mzXML	scan=760	760	HCD	714.36584	0	1.0252767	3	HKVYAC+57.021EVTHQGLSSPVTK	MabCampath(pre=K,post=S)	51	7	1.1613018E-10	7.699431E-8
120706O2c1_LZ-MvD-0297-MabCampth-trypsin_007.mzXML	scan=729	729	HCD	536.0259	0	0.45546445	4	HKVYAC+57.021EVTHQGLSSPVTK	MabCampath(pre=K,post=S)	75	26	1.3001218E-10	8.619808E-8
120706O2c1_LZ-MvD-0297-MabCampth-trypsin_007.mzXML	scan=1363	1363	CID	560.2704	1	-5.1945696	3	FNWYVDGVEVHNAK	MabCampath(pre=K,post=T)	124	65	1.3320073E-10	8.8312085E-8
120706O2c1_LZ-MvD-0297-MabCampth-trypsin_007.mzXML	scan=2219	2219	HCD	593.8271	0	0.20556545	2	GPSVFPLAPSSK	MabCampath(pre=K,post=S)	23	13	1.3946333E-10	9.246419E-8
120706O2c1_LZ-MvD-0297-MabCampth-trypsin_007.mzXML	scan=938	938	HCD	687.5925	0	0.976432	4	ADYEKHKVYAC+57.021EVTHQGLSSPVTK	MabCampath(pre=K,post=S)	71	13	1.8050536E-10	1.1967505E-7
120706O2c1_LZ-MvD-0297-MabCampth-trypsin_007.mzXML	scan=683	683	CID	778.4606	0	0.47042987	3	VSNKALPAPIEKTISKAKGQPR	MabCampath(pre=K,post=E)	124	48	1.8086314E-10	1.1991226E-7
120706O2c1_LZ-MvD-0297-MabCampth-trypsin_007.mzXML	scan=736	736	HCD	419.7558	0	1.3086588	2	ALPAPIEK	MabCampath(pre=K,post=T)	105	104	2.0029986E-10	1.327988E-7
120706O2c1_LZ-MvD-0297-MabCampth-trypsin_007.mzXML	scan=2509	2509	CID	559.9395	0	1.1990358	3	FNWYVDGVEVHNAK	MabCampath(pre=K,post=T)	85	38	2.0434775E-10	1.3548255E-7
120706O2c1_LZ-MvD-0297-MabCampth-trypsin_007.mzXML	scan=2516	2516	CID	902.0005	0	9.811729	2	LLIYNTNNLQTGVPSR	MabCampath(pre=K,post=F)	74	26	2.1817459E-10	1.4464975E-7
120706O2c1_LZ-MvD-0297-MabCampth-trypsin_007.mzXML	scan=994	994	HCD	418.2207	0	-0.072970025	2	DTLMISR	MabCampath(pre=K,post=T)	78	78	2.516532E-10	1.6684608E-7
120706O2c1_LZ-MvD-0297-MabCampth-trypsin_007.mzXML	scan=2363	2363	CID	901.9904	0	-1.3533419	2	LLIYNTNNLQTGVPSR	MabCampath(pre=K,post=F)	82	32	2.6518232E-10	1.7581588E-7
120706O2c1_LZ-MvD-0297-MabCampth-trypsin_007.mzXML	scan=293	293	HCD	435.18228	0	0.35062996	2	SFNRGEC+57.021	MabCampath(pre=K,post=-)	55	49	2.8969027E-10	1.9206465E-7
120706O2c1_LZ-MvD-0297-MabCampth-trypsin_007.mzXML	scan=1254	1254	CID	560.2684	1	-8.7916765	3	FNWYVDGVEVHNAK	MabCampath(pre=K,post=T)	154	79	3.8004122E-10	2.5196732E-7
120706O2c1_LZ-MvD-0297-MabCampth-trypsin_007.mzXML	scan=1062	1062	CID	418.2207	0	-0.072970025	2	DTLMISR	MabCampath(pre=K,post=T)	46	46	4.0174458E-10	2.6635666E-7
120706O2c1_LZ-MvD-0297-MabCampth-trypsin_007.mzXML	scan=927	927	CID	418.2207	0	-0.072970025	2	DTLMISR	MabCampath(pre=K,post=T)	50	47	4.0174458E-10	2.6635666E-7
120706O2c1_LZ-MvD-0297-MabCampth-trypsin_007.mzXML	scan=2424	2424	HCD	593.8273	0	0.51391363	2	GPSVFPLAPSSK	MabCampath(pre=K,post=S)	11	1	4.1847956E-10	2.7745196E-7
120706O2c1_LZ-MvD-0297-MabCampth-trypsin_007.mzXML	scan=778	778	CID	489.63638	0	0.37396228	3	ALPAPIEKTISKAK	MabCampath(pre=K,post=G)	43	13	4.9423177E-10	3.2767565E-7
120706O2c1_LZ-MvD-0297-MabCampth-trypsin_007.mzXML	scan=2506	2506	CID	901.9895	0	-2.3683484	2	LLIYNTNNLQTGVPSR	MabCampath(pre=K,post=F)	72	19	4.961402E-10	3.2894096E-7
120706O2c1_LZ-MvD-0297-MabCampth-trypsin_007.mzXML	scan=926	926	HCD	418.2207	0	-0.072970025	2	DTLMISR	MabCampath(pre=K,post=T)	91	89	5.033064E-10	3.3369216E-7
120706O2c1_LZ-MvD-0297-MabCampth-trypsin_007.mzXML	scan=1061	1061	HCD	418.2207	0	-0.072970025	2	DTLMISR	MabCampath(pre=K,post=T)	71	68	5.033064E-10	3.3369216E-7
120706O2c1_LZ-MvD-0297-MabCampth-trypsin_007.mzXML	scan=857	857	CID	418.2213	0	1.3864305	2	DTLMISR	MabCampath(pre=K,post=T)	53	48	5.033064E-10	3.3369216E-7
120706O2c1_LZ-MvD-0297-MabCampth-trypsin_007.mzXML	scan=2284	2284	CID	455.2614	0	0.33516556	3	TFGQGTKVEIKR	MabCampath(pre=R,post=T)	48	23	5.492654E-10	3.64163E-7
120706O2c1_LZ-MvD-0297-MabCampth-trypsin_007.mzXML	scan=876	876	CID	418.22583	0	12.185994	2	DTLMISR	MabCampath(pre=K,post=T)	45	44	5.6067484E-10	3.7172742E-7
120706O2c1_LZ-MvD-0297-MabCampth-trypsin_007.mzXML	scan=53	53	HCD	471.78436	0	-0.3881125	2	VDKKVEPK	MabCampath(pre=K,post=S)	41	37	5.748714E-10	3.811397E-7
120706O2c1_LZ-MvD-0297-MabCampth-trypsin_007.mzXML	scan=995	995	CID	418.2207	0	-0.072970025	2	DTLMISR	MabCampath(pre=K,post=T)	53	49	6.467456E-10	4.2879233E-7
120706O2c1_LZ-MvD-0297-MabCampth-trypsin_007.mzXML	scan=831	831	CID	536.0261	0	0.9109289	4	HKVYAC+57.021EVTHQGLSSPVTK	MabCampath(pre=K,post=S)	120	58	6.8430606E-10	4.5369492E-7
120706O2c1_LZ-MvD-0297-MabCampth-trypsin_007.mzXML	scan=2504	2504	CID	593.82776	0	1.3361754	2	GPSVFPLAPSSK	MabCampath(pre=K,post=S)	32	10	6.9216716E-10	4.589068E-7
120706O2c1_LZ-MvD-0297-MabCampth-trypsin_007.mzXML	scan=2425	2425	CID	593.8273	0	0.51391363	2	GPSVFPLAPSSK	MabCampath(pre=K,post=S)	30	10	7.295198E-10	4.836716E-7
120706O2c1_LZ-MvD-0297-MabCampth-trypsin_007.mzXML	scan=2526	2526	CID	901.9945	0	3.1803536	2	LLIYNTNNLQTGVPSR	MabCampath(pre=K,post=F)	70	16	7.89708E-10	5.2357643E-7
120706O2c1_LZ-MvD-0297-MabCampth-trypsin_007.mzXML	scan=220	220	HCD	409.74036	0	0.52136225	2	LTVDKSR	MabCampath(pre=K,post=W)	106	106	8.6789204E-10	5.754124E-7
120706O2c1_LZ-MvD-0297-MabCampth-trypsin_007.mzXML	scan=757	757	CID	502.8734	0	0.72823733	5	AKGQPREPQVYTLPPSRDELTK	MabCampath(pre=K,post=N)	142	58	9.92847E-10	6.582576E-7
120706O2c1_LZ-MvD-0297-MabCampth-trypsin_007.mzXML	scan=2187	2187	CID	861.09094	0	-0.425287	3	DIQMTQSPSSLSASVGDRVTITC+57.021K	MabCampath(pre=-,post=A)	192	71	1.0060436E-9	6.670069E-7
120706O2c1_LZ-MvD-0297-MabCampth-trypsin_007.mzXML	scan=2411	2411	CID	559.93884	0	0.0	3	FNWYVDGVEVHNAK	MabCampath(pre=K,post=T)	80	35	1.0407514E-9	6.9001817E-7
120706O2c1_LZ-MvD-0297-MabCampth-trypsin_007.mzXML	scan=730	730	CID	536.0259	0	0.45546445	4	HKVYAC+57.021EVTHQGLSSPVTK	MabCampath(pre=K,post=S)	137	62	1.5340107E-9	1.0170492E-6
120706O2c1_LZ-MvD-0297-MabCampth-trypsin_007.mzXML	scan=2071	2071	CID	811.4317	0	12.411304	5	TVAAPSVFIFPPSDEQLKSGTASVVC+57.021LLNNFYPREAK	MabCampath(pre=R,post=V)	165	31	1.5372064E-9	1.0191678E-6
120706O2c1_LZ-MvD-0297-MabCampth-trypsin_007.mzXML	scan=2468	2468	CID	861.09393	0	3.0478902	3	DIQMTQSPSSLSASVGDRVTITC+57.021K	MabCampath(pre=-,post=A)	167	60	1.608651E-9	1.0665356E-6
120706O2c1_LZ-MvD-0297-MabCampth-trypsin_007.mzXML	scan=768	768	CID	635.7144	0	0.3840415	3	ALPAPIEKTISKAKGQPR	MabCampath(pre=K,post=E)	75	20	1.9139434E-9	1.2689445E-6
120706O2c1_LZ-MvD-0297-MabCampth-trypsin_007.mzXML	scan=221	221	CID	409.74036	0	0.52136225	2	LTVDKSR	MabCampath(pre=K,post=W)	61	61	2.0312367E-9	1.34671E-6
120706O2c1_LZ-MvD-0297-MabCampth-trypsin_007.mzXML	scan=1429	1429	CID	833.01086	0	3.5169983	5	VQWKVDNALQSGNSQESVTEQDSKDSTYSLSSTLTLSK	MabCampath(pre=K,post=A)	160	28	2.0618933E-9	1.3670353E-6
120706O2c1_LZ-MvD-0297-MabCampth-trypsin_007.mzXML	scan=2422	2422	CID	751.8832	0	0.4058821	2	DSTYSLSSTLTLSK	MabCampath(pre=K,post=A)	41	-3	2.3706834E-9	1.5717632E-6
120706O2c1_LZ-MvD-0297-MabCampth-trypsin_007.mzXML	scan=936	936	CID	536.026	0	0.68319666	4	HKVYAC+57.021EVTHQGLSSPVTK	MabCampath(pre=K,post=S)	120	51	2.4213205E-9	1.6053355E-6
120706O2c1_LZ-MvD-0297-MabCampth-trypsin_007.mzXML	scan=2624	2624	CID	593.82556	0	-2.3640027	2	GPSVFPLAPSSK	MabCampath(pre=K,post=S)	28	4	2.9494904E-9	1.955512E-6
120706O2c1_LZ-MvD-0297-MabCampth-trypsin_007.mzXML	scan=689	689	HCD	604.83307	1	-10.451254	2	TFGQGTKVEIK	MabCampath(pre=R,post=R)	36	13	3.118482E-9	2.0675534E-6
120706O2c1_LZ-MvD-0297-MabCampth-trypsin_007.mzXML	scan=2320	2320	HCD	1387.6819	0	4.8382125	3	VQWKVDNALQSGNSQESVTEQDSKDSTYSLSSTLTLSK	MabCampath(pre=K,post=A)	42	-58	4.3531347E-9	2.8861284E-6
120706O2c1_LZ-MvD-0297-MabCampth-trypsin_007.mzXML	scan=1089	1089	HCD	530.78436	0	0.9199248	6	VTITC+57.021KASQNIDKYLNWYQQKPGKAPK	MabCampath(pre=R,post=L)	67	-15	4.5196376E-9	2.9965197E-6
120706O2c1_LZ-MvD-0297-MabCampth-trypsin_007.mzXML	scan=1076	1076	CID	600.95935	0	-0.7109396	6	LTVDKSRWQQGNVFSC+57.021SVMHEALHNHYTQK	MabCampath(pre=K,post=S)	138	32	5.7167417E-9	3.7901998E-6
120706O2c1_LZ-MvD-0297-MabCampth-trypsin_007.mzXML	scan=686	686	CID	423.24722	1	-14.093486	3	VSNKALPAPIEK	MabCampath(pre=K,post=T)	85	42	5.8898273E-9	3.9049555E-6
120706O2c1_LZ-MvD-0297-MabCampth-trypsin_007.mzXML	scan=2636	2636	CID	593.832	0	8.428184	2	GPSVFPLAPSSK	MabCampath(pre=K,post=S)	26	-5	6.167877E-9	4.0893024E-6
120706O2c1_LZ-MvD-0297-MabCampth-trypsin_007.mzXML	scan=1907	1907	CID	899.4649	0	15.132381	2	SGTASVVC+57.021LLNNFYPR	MabCampath(pre=K,post=E)	113	26	6.3853336E-9	4.2334764E-6
120706O2c1_LZ-MvD-0297-MabCampth-trypsin_007.mzXML	scan=1426	1426	CID	1041.0159	0	7.3874826	4	VQWKVDNALQSGNSQESVTEQDSKDSTYSLSSTLTLSK	MabCampath(pre=K,post=A)	188	27	6.9839428E-9	4.630354E-6
120706O2c1_LZ-MvD-0297-MabCampth-trypsin_007.mzXML	scan=2647	2647	CID	901.9918	0	0.20300129	2	LLIYNTNNLQTGVPSR	MabCampath(pre=K,post=F)	72	-8	7.405461E-9	4.9098207E-6
120706O2c1_LZ-MvD-0297-MabCampth-trypsin_007.mzXML	scan=2467	2467	HCD	861.09393	0	3.0478902	3	DIQMTQSPSSLSASVGDRVTITC+57.021K	MabCampath(pre=-,post=A)	40	-22	9.121226E-9	6.047373E-6
120706O2c1_LZ-MvD-0297-MabCampth-trypsin_007.mzXML	scan=2289	2289	CID	1041.0103	0	1.9934477	4	VQWKVDNALQSGNSQESVTEQDSKDSTYSLSSTLTLSK	MabCampath(pre=K,post=A)	206	32	9.253895E-9	6.1353326E-6
120706O2c1_LZ-MvD-0297-MabCampth-trypsin_007.mzXML	scan=2421	2421	HCD	751.8832	0	0.4058821	2	DSTYSLSSTLTLSK	MabCampath(pre=K,post=A)	15	-18	9.8588115E-9	6.536392E-6
120706O2c1_LZ-MvD-0297-MabCampth-trypsin_007.mzXML	scan=462	462	CID	539.6455	0	-0.6786134	3	PRTFGQGTKVEIKR	MabCampath(pre=R,post=T)	53	17	1.0483914E-8	6.950835E-6
120706O2c1_LZ-MvD-0297-MabCampth-trypsin_007.mzXML	scan=1867	1867	CID	788.5796	0	0.8513881	5	FSGSGSGTDFTFTISSLQPEDIATYYC+57.021LQHISRPR	MabCampath(pre=R,post=T)	139	28	1.0769913E-8	7.1404525E-6
120706O2c1_LZ-MvD-0297-MabCampth-trypsin_007.mzXML	scan=1027	1027	CID	536.0262	0	1.024795	4	HKVYAC+57.021EVTHQGLSSPVTK	MabCampath(pre=K,post=S)	135	48	1.1406769E-8	7.5626876E-6
120706O2c1_LZ-MvD-0297-MabCampth-trypsin_007.mzXML	scan=2592	2592	CID	713.6816	0	1.3683467	3	TPEVTC+57.021VVVDVSHEDPEVK	MabCampath(pre=R,post=F)	112	32	1.1698416E-8	7.756049E-6
120706O2c1_LZ-MvD-0297-MabCampth-trypsin_007.mzXML	scan=997	997	CID	599.05194	0	0.30565885	7	VSNKALPAPIEKTISKAKGQPREPQVYTLPPSRDELTK	MabCampath(pre=K,post=N)	131	12	1.24365425E-8	8.245427E-6
120706O2c1_LZ-MvD-0297-MabCampth-trypsin_007.mzXML	scan=764	764	CID	477.03745	0	0.0	4	ALPAPIEKTISKAKGQPR	MabCampath(pre=K,post=E)	63	13	1.3027663E-8	8.637341E-6
120706O2c1_LZ-MvD-0297-MabCampth-trypsin_007.mzXML	scan=851	851	HCD	687.59296	0	1.5977979	4	ADYEKHKVYAC+57.021EVTHQGLSSPVTK	MabCampath(pre=K,post=S)	73	-3	1.3041913E-8	8.646789E-6
120706O2c1_LZ-MvD-0297-MabCampth-trypsin_007.mzXML	scan=2445	2445	CID	905.6826	0	-0.13478264	4	VDNALQSGNSQESVTEQDSKDSTYSLSSTLTLSK	MabCampath(pre=K,post=A)	177	33	1.4442583E-8	9.575433E-6
120706O2c1_LZ-MvD-0297-MabCampth-trypsin_007.mzXML	scan=2286	2286	CID	625.979	0	-2.340079	3	VYAC+57.021EVTHQGLSSPVTK	MabCampath(pre=K,post=S)	101	34	1.479819E-8	9.8112005E-6
120706O2c1_LZ-MvD-0297-MabCampth-trypsin_007.mzXML	scan=1808	1808	HCD	849.0432	1	-7.6700816	3	GFYPSDIAVEWESNGQPENNYK	MabCampath(pre=K,post=T)	46	-20	1.5426924E-8	1.0228051E-5
120706O2c1_LZ-MvD-0297-MabCampth-trypsin_007.mzXML	scan=294	294	CID	435.18228	0	0.35062996	2	SFNRGEC+57.021	MabCampath(pre=K,post=-)	43	29	1.8259367E-8	1.210596E-5
120706O2c1_LZ-MvD-0297-MabCampth-trypsin_007.mzXML	scan=2300	2300	HCD	874.42053	0	1.0470115	2	LSSVTAADTAVYYC+57.021AR	MabCampath(pre=R,post=E)	19	-25	1.9774264E-8	1.3110337E-5
120706O2c1_LZ-MvD-0297-MabCampth-trypsin_007.mzXML	scan=1006	1006	CID	550.2735	0	-2.6620214	5	ADYEKHKVYAC+57.021EVTHQGLSSPVTK	MabCampath(pre=K,post=S)	130	47	2.0026128E-8	1.3277324E-5
120706O2c1_LZ-MvD-0297-MabCampth-trypsin_007.mzXML	scan=2597	2597	CID	593.8286	0	2.7751336	2	GPSVFPLAPSSK	MabCampath(pre=K,post=S)	19	-11	2.1339817E-8	1.4148298E-5
120706O2c1_LZ-MvD-0297-MabCampth-trypsin_007.mzXML	scan=660	660	CID	550.278	0	5.545878	5	ADYEKHKVYAC+57.021EVTHQGLSSPVTK	MabCampath(pre=K,post=S)	141	46	2.2858492E-8	1.515518E-5
120706O2c1_LZ-MvD-0297-MabCampth-trypsin_007.mzXML	scan=2366	2366	CID	905.68427	0	1.684783	4	VDNALQSGNSQESVTEQDSKDSTYSLSSTLTLSK	MabCampath(pre=K,post=A)	195	41	2.7866266E-8	1.8475333E-5
120706O2c1_LZ-MvD-0297-MabCampth-trypsin_007.mzXML	scan=2294	2294	CID	905.6844	0	1.8195657	4	VDNALQSGNSQESVTEQDSKDSTYSLSSTLTLSK	MabCampath(pre=K,post=A)	183	36	3.780521E-8	2.5064855E-5
120706O2c1_LZ-MvD-0297-MabCampth-trypsin_007.mzXML	scan=54	54	CID	471.78436	0	-0.3881125	2	VDKKVEPK	MabCampath(pre=K,post=S)	52	26	4.196966E-8	2.7825885E-5
120706O2c1_LZ-MvD-0297-MabCampth-trypsin_007.mzXML	scan=539	539	CID	486.58002	0	-1.0662137	3	AKGYTTEYNPSVK	MabCampath(pre=K,post=G)	41	3	4.4334705E-8	2.939391E-5
120706O2c1_LZ-MvD-0297-MabCampth-trypsin_007.mzXML	scan=2352	2352	CID	1041.0106	0	2.3452325	4	VQWKVDNALQSGNSQESVTEQDSKDSTYSLSSTLTLSK	MabCampath(pre=K,post=A)	210	29	4.5164615E-8	2.994414E-5
120706O2c1_LZ-MvD-0297-MabCampth-trypsin_007.mzXML	scan=2223	2223	CID	1041.0085	0	0.35178488	4	VQWKVDNALQSGNSQESVTEQDSKDSTYSLSSTLTLSK	MabCampath(pre=K,post=A)	200	25	4.9793915E-8	3.3013366E-5
120706O2c1_LZ-MvD-0297-MabCampth-trypsin_007.mzXML	scan=2231	2231	HCD	874.42096	0	1.5356168	2	LSSVTAADTAVYYC+57.021AR	MabCampath(pre=R,post=E)	12	-31	5.5145698E-8	3.65616E-5
120706O2c1_LZ-MvD-0297-MabCampth-trypsin_007.mzXML	scan=2608	2608	CID	559.9398	0	1.744052	3	FNWYVDGVEVHNAK	MabCampath(pre=K,post=T)	74	17	5.965271E-8	3.9549748E-5
120706O2c1_LZ-MvD-0297-MabCampth-trypsin_007.mzXML	scan=2477	2477	HCD	713.6835	0	4.0195184	3	TPEVTC+57.021VVVDVSHEDPEVK	MabCampath(pre=R,post=F)	33	-21	6.2672996E-8	4.1552194E-5
120706O2c1_LZ-MvD-0297-MabCampth-trypsin_007.mzXML	scan=935	935	HCD	536.026	0	0.68319666	4	HKVYAC+57.021EVTHQGLSSPVTK	MabCampath(pre=K,post=S)	78	5	8.859581E-8	5.873902E-5
120706O2c1_LZ-MvD-0297-MabCampth-trypsin_007.mzXML	scan=1097	1097	CID	905.6828	0	0.06739132	4	VDNALQSGNSQESVTEQDSKDSTYSLSSTLTLSK	MabCampath(pre=K,post=A)	149	26	8.93304E-8	5.9226055E-5
120706O2c1_LZ-MvD-0297-MabCampth-trypsin_007.mzXML	scan=1362	1362	HCD	560.2704	1	-5.1945696	3	FNWYVDGVEVHNAK	MabCampath(pre=K,post=T)	87	-7	1.3207011E-7	8.756248E-5
120706O2c1_LZ-MvD-0297-MabCampth-trypsin_007.mzXML	scan=2525	2525	HCD	901.9945	0	3.1803536	2	LLIYNTNNLQTGVPSR	MabCampath(pre=K,post=F)	12	-35	1.421306E-7	9.423259E-5
120706O2c1_LZ-MvD-0297-MabCampth-trypsin_007.mzXML	scan=461	461	HCD	539.6455	0	-0.6786134	3	PRTFGQGTKVEIKR	MabCampath(pre=R,post=T)	25	-11	1.4680124E-7	9.7329226E-5
120706O2c1_LZ-MvD-0297-MabCampth-trypsin_007.mzXML	scan=2162	2162	CID	1041.0096	0	1.4071395	4	VQWKVDNALQSGNSQESVTEQDSKDSTYSLSSTLTLSK	MabCampath(pre=K,post=A)	199	24	1.6152765E-7	1.07092834E-4
120706O2c1_LZ-MvD-0297-MabCampth-trypsin_007.mzXML	scan=2327	2327	HCD	1387.6748	0	-0.2639025	3	VQWKVDNALQSGNSQESVTEQDSKDSTYSLSSTLTLSK	MabCampath(pre=K,post=A)	29	-74	1.6840225E-7	1.1165069E-4
120706O2c1_LZ-MvD-0297-MabCampth-trypsin_007.mzXML	scan=1387	1387	CID	853.0556	0	-0.7154881	5	ASQNIDKYLNWYQQKPGKAPKLLIYNTNNLQTGVPSR	MabCampath(pre=K,post=F)	158	5	1.7149087E-7	1.1369845E-4
120706O2c1_LZ-MvD-0297-MabCampth-trypsin_007.mzXML	scan=2444	2444	HCD	905.6826	0	-0.13478264	4	VDNALQSGNSQESVTEQDSKDSTYSLSSTLTLSK	MabCampath(pre=K,post=A)	51	-50	1.7906606E-7	1.18720796E-4
120706O2c1_LZ-MvD-0297-MabCampth-trypsin_007.mzXML	scan=2199	2199	CID	905.6845	0	1.9543483	4	VDNALQSGNSQESVTEQDSKDSTYSLSSTLTLSK	MabCampath(pre=K,post=A)	179	25	2.6388722E-7	1.7495723E-4
120706O2c1_LZ-MvD-0297-MabCampth-trypsin_007.mzXML	scan=695	695	CID	550.2748	0	-0.33275267	5	ADYEKHKVYAC+57.021EVTHQGLSSPVTK	MabCampath(pre=K,post=S)	138	35	2.9572516E-7	1.9606578E-4
120706O2c1_LZ-MvD-0297-MabCampth-trypsin_007.mzXML	scan=2413	2413	CID	1070.0161	0	-1.1408255	2	TPEVTC+57.021VVVDVSHEDPEVK	MabCampath(pre=R,post=F)	62	-45	3.054487E-7	2.025125E-4
120706O2c1_LZ-MvD-0297-MabCampth-trypsin_007.mzXML	scan=2596	2596	HCD	593.8286	0	2.7751336	2	GPSVFPLAPSSK	MabCampath(pre=K,post=S)	8	-19	3.2383613E-7	2.1470335E-4
120706O2c1_LZ-MvD-0297-MabCampth-trypsin_007.mzXML	scan=2635	2635	HCD	593.832	0	8.428184	2	GPSVFPLAPSSK	MabCampath(pre=K,post=S)	10	-23	7.144063E-7	4.736514E-4
120706O2c1_LZ-MvD-0297-MabCampth-trypsin_007.mzXML	scan=2433	2433	HCD	901.99274	0	1.2180078	2	LLIYNTNNLQTGVPSR	MabCampath(pre=K,post=F)	15	-40	7.4970046E-7	4.970514E-4
120706O2c1_LZ-MvD-0297-MabCampth-trypsin_007.mzXML	scan=1552	1552	CID	736.9797	0	4.6378274	5	GRVTMLVDTSKNQFSLRLSSVTAADTAVYYC+57.021AR	MabCampath(pre=K,post=E)	149	12	1.0100173E-6	6.696414E-4
120706O2c1_LZ-MvD-0297-MabCampth-trypsin_007.mzXML	scan=866	866	CID	423.25858	0	-0.6489131	3	ALPAPIEKTISK	MabCampath(pre=K,post=A)	24	-27	1.0409547E-6	6.901529E-4
120706O2c1_LZ-MvD-0297-MabCampth-trypsin_007.mzXML	scan=2503	2503	HCD	593.82776	0	1.3361754	2	GPSVFPLAPSSK	MabCampath(pre=K,post=S)	2	-28	1.0736051E-6	7.118001E-4
120706O2c1_LZ-MvD-0297-MabCampth-trypsin_007.mzXML	scan=992	992	CID	698.72577	0	-0.08735208	6	VSNKALPAPIEKTISKAKGQPREPQVYTLPPSRDELTK	MabCampath(pre=K,post=N)	137	1	1.110718E-6	7.364061E-4
120706O2c1_LZ-MvD-0297-MabCampth-trypsin_007.mzXML	scan=785	785	CID	733.9516	0	1.2473962	2	ALPAPIEKTISKAK	MabCampath(pre=K,post=G)	26	-34	1.3626493E-6	9.034365E-4
120706O2c1_LZ-MvD-0297-MabCampth-trypsin_007.mzXML	scan=1906	1906	HCD	899.4649	0	15.132381	2	SGTASVVC+57.021LLNNFYPR	MabCampath(pre=K,post=E)	29	-38	1.8375539E-6	0.0012182982
120706O2c1_LZ-MvD-0297-MabCampth-trypsin_007.mzXML	scan=653	653	CID	714.3655	0	0.51263833	3	HKVYAC+57.021EVTHQGLSSPVTK	MabCampath(pre=K,post=S)	124	18	1.8850224E-6	0.0012497698
120706O2c1_LZ-MvD-0297-MabCampth-trypsin_007.mzXML	scan=968	968	HCD	566.0049	0	-0.21567002	3	VSNKALPAPIEKTISK	MabCampath(pre=K,post=A)	171	14	1.9459333E-6	0.0012901537
120706O2c1_LZ-MvD-0297-MabCampth-trypsin_007.mzXML	scan=1396	1396	CID	711.05035	0	3.2618556	6	ASQNIDKYLNWYQQKPGKAPKLLIYNTNNLQTGVPSR	MabCampath(pre=K,post=F)	122	-9	2.4593264E-6	0.0016305335
120706O2c1_LZ-MvD-0297-MabCampth-trypsin_007.mzXML	scan=978	978	CID	424.75546	0	-0.21554217	4	VSNKALPAPIEKTISK	MabCampath(pre=K,post=A)	81	4	2.6923774E-6	0.0017850462
120706O2c1_LZ-MvD-0297-MabCampth-trypsin_007.mzXML	scan=1831	1831	HCD	625.31213	0	0.0	3	TTPPVLDSDGSFFLYSK	MabCampath(pre=K,post=L)	25	-27	2.9493622E-6	0.001955427
120706O2c1_LZ-MvD-0297-MabCampth-trypsin_007.mzXML	scan=2429	2429	HCD	713.67993	0	-0.9407384	3	TPEVTC+57.021VVVDVSHEDPEVK	MabCampath(pre=R,post=F)	29	-36	3.0543652E-6	0.002025044
120706O2c1_LZ-MvD-0297-MabCampth-trypsin_007.mzXML	scan=2446	2446	HCD	874.41833	0	-1.465816	2	LSSVTAADTAVYYC+57.021AR	MabCampath(pre=R,post=E)	22	-44	3.0592105E-6	0.0020282564
120706O2c1_LZ-MvD-0297-MabCampth-trypsin_007.mzXML	scan=2410	2410	HCD	559.93884	0	0.0	3	FNWYVDGVEVHNAK	MabCampath(pre=K,post=T)	27	-34	3.1617456E-6	0.0020962374
120706O2c1_LZ-MvD-0297-MabCampth-trypsin_007.mzXML	scan=996	996	HCD	599.05194	0	0.30565885	7	VSNKALPAPIEKTISKAKGQPREPQVYTLPPSRDELTK	MabCampath(pre=K,post=N)	63	-72	3.5620606E-6	0.0023616462
120706O2c1_LZ-MvD-0297-MabCampth-trypsin_007.mzXML	scan=2347	2347	CID	643.86694	1	9.602611	4	VEIKRTVAAPSVFIFPPSDEQLK	MabCampath(pre=K,post=S)	129	11	8.097048E-6	0.0053683426
120706O2c1_LZ-MvD-0297-MabCampth-trypsin_007.mzXML	scan=129	129	CID	490.6153	0	-0.55982363	3	PSNTKVDKKVEPK	MabCampath(pre=K,post=S)	56	-6	8.098852E-6	0.005369539
120706O2c1_LZ-MvD-0297-MabCampth-trypsin_007.mzXML	scan=1055	1055	CID	752.62146	0	-0.56767696	5	ALPAPIEKTISKAKGQPREPQVYTLPPSRDELTK	MabCampath(pre=K,post=N)	131	-3	8.585785E-6	0.0056923754
120706O2c1_LZ-MvD-0297-MabCampth-trypsin_007.mzXML	scan=1096	1096	HCD	905.6828	0	0.06739132	4	VDNALQSGNSQESVTEQDSKDSTYSLSSTLTLSK	MabCampath(pre=K,post=A)	74	-59	8.747514E-6	0.0057996013
120706O2c1_LZ-MvD-0297-MabCampth-trypsin_007.mzXML	scan=2623	2623	HCD	593.82556	0	-2.3640027	2	GPSVFPLAPSSK	MabCampath(pre=K,post=S)	6	-34	9.134971E-6	0.0060564857
120706O2c1_LZ-MvD-0297-MabCampth-trypsin_007.mzXML	scan=1005	1005	HCD	550.2735	0	-2.6620214	5	ADYEKHKVYAC+57.021EVTHQGLSSPVTK	MabCampath(pre=K,post=S)	56	-38	1.2121936E-5	0.0080368435
120706O2c1_LZ-MvD-0297-MabCampth-trypsin_007.mzXML	scan=2437	2437	HCD	839.4035	0	-1.3815362	2	FNWYVDGVEVHNAK	MabCampath(pre=K,post=T)	10	-54	1.3058114E-5	0.008657529
120706O2c1_LZ-MvD-0297-MabCampth-trypsin_007.mzXML	scan=599	599	CID	722.3247	1	-18.81211	2	PREEQYNSTYR	MabCampath(pre=K,post=V)	18	-51	1.3446056E-5	0.008914735
120706O2c1_LZ-MvD-0297-MabCampth-trypsin_007.mzXML	scan=2627	2627	HCD	1207.2457	0	3.6401432	3	VDNALQSGNSQESVTEQDSKDSTYSLSSTLTLSK	MabCampath(pre=K,post=A)	27	-78	1.716258E-5	0.01137879
120706O2c1_LZ-MvD-0297-MabCampth-trypsin_007.mzXML	scan=557	557	CID	536.0256	0	-0.11386611	4	HKVYAC+57.021EVTHQGLSSPVTK	MabCampath(pre=K,post=S)	97	9	1.7365137E-5	0.011513086
120706O2c1_LZ-MvD-0297-MabCampth-trypsin_007.mzXML	scan=1003	1003	HCD	792.06287	0	-1.3099923	3	DSTYSLSSTLTLSKADYEKHK	MabCampath(pre=K,post=V)	41	-40	2.0893225E-5	0.013852208
120706O2c1_LZ-MvD-0297-MabCampth-trypsin_007.mzXML	scan=538	538	HCD	486.58002	0	-1.0662137	3	AKGYTTEYNPSVK	MabCampath(pre=K,post=G)	15	-40	4.1283845E-5	0.027371189
120706O2c1_LZ-MvD-0297-MabCampth-trypsin_007.mzXML	scan=598	598	HCD	722.3247	1	-18.81211	2	PREEQYNSTYR	MabCampath(pre=K,post=V)	20	-46	4.4090717E-5	0.029232146
120706O2c1_LZ-MvD-0297-MabCampth-trypsin_007.mzXML	scan=977	977	HCD	424.75546	0	-0.21554217	4	VSNKALPAPIEKTISK	MabCampath(pre=K,post=A)	15	-48	6.467797E-5	0.042881496
120706O2c1_LZ-MvD-0297-MabCampth-trypsin_007.mzXML	scan=235	235	CID	496.26923	0	-0.73792744	2	PRTFGQGTK	MabCampath(pre=R,post=V)	12	-29	7.268538E-5	0.048190407
120706O2c1_LZ-MvD-0297-MabCampth-trypsin_007.mzXML	scan=2285	2285	HCD	625.979	0	-2.340079	3	VYAC+57.021EVTHQGLSSPVTK	MabCampath(pre=K,post=S)	28	-39	8.1278E-5	0.053887315
120706O2c1_LZ-MvD-0297-MabCampth-trypsin_007.mzXML	scan=2591	2591	HCD	713.6816	0	1.3683467	3	TPEVTC+57.021VVVDVSHEDPEVK	MabCampath(pre=R,post=F)	42	-47	1.0017168E-4	0.06641382
120706O2c1_LZ-MvD-0297-MabCampth-trypsin_007.mzXML	scan=2646	2646	HCD	901.9918	0	0.20300129	2	LLIYNTNNLQTGVPSR	MabCampath(pre=K,post=F)	9	-61	1.1047525E-4	0.07324509
120706O2c1_LZ-MvD-0297-MabCampth-trypsin_007.mzXML	scan=1390	1390	HCD	902.4833	1	-11.130072	2	LLIYNTNNLQTGVPSR	MabCampath(pre=K,post=F)	7	-61	1.1997231E-4	0.07954164
120706O2c1_LZ-MvD-0297-MabCampth-trypsin_007.mzXML	scan=2214	2214	HCD	539.98553	1	9.65269	3	PRTFGQGTKVEIKR	MabCampath(pre=R,post=T)	11	-53	1.4469812E-4	0.09593485
120706O2c1_LZ-MvD-0297-MabCampth-trypsin_007.mzXML	scan=2657	2657	HCD	1207.2395	0	-1.5167263	3	VDNALQSGNSQESVTEQDSKDSTYSLSSTLTLSK	MabCampath(pre=K,post=A)	35	-87	1.9212843E-4	0.12738115
120706O2c1_LZ-MvD-0297-MabCampth-trypsin_007.mzXML	scan=128	128	HCD	490.6153	0	-0.55982363	3	PSNTKVDKKVEPK	MabCampath(pre=K,post=S)	5	-54	1.9959862E-4	0.13233389
120706O2c1_LZ-MvD-0297-MabCampth-trypsin_007.mzXML	scan=2412	2412	HCD	1070.0161	0	-1.1408255	2	TPEVTC+57.021VVVDVSHEDPEVK	MabCampath(pre=R,post=F)	1	-67	1.9991936E-4	0.13254653
120706O2c1_LZ-MvD-0297-MabCampth-trypsin_007.mzXML	scan=2508	2508	HCD	559.9395	0	1.1990358	3	FNWYVDGVEVHNAK	MabCampath(pre=K,post=T)	29	-55	2.3127708E-4	0.1533367
120706O2c1_LZ-MvD-0297-MabCampth-trypsin_007.mzXML	scan=2215	2215	CID	539.98553	1	9.65269	3	PRTFGQGTKVEIKR	MabCampath(pre=R,post=T)	52	-18	2.5773374E-4	0.17087747
120706O2c1_LZ-MvD-0297-MabCampth-trypsin_007.mzXML	scan=2607	2607	HCD	559.9398	0	1.744052	3	FNWYVDGVEVHNAK	MabCampath(pre=K,post=T)	15	-57	2.6583858E-4	0.17625098
120706O2c1_LZ-MvD-0297-MabCampth-trypsin_007.mzXML	scan=1999	1999	HCD	1014.04376	0	18.298054	4	TVAAPSVFIFPPSDEQLKSGTASVVC+57.021LLNNFYPREAK	MabCampath(pre=R,post=V)	28	-91	2.920686E-4	0.19364148
120706O2c1_LZ-MvD-0297-MabCampth-trypsin_007.mzXML	scan=969	969	CID	566.0049	0	-0.21567002	3	VSNKALPAPIEKTISK	MabCampath(pre=K,post=A)	80	-20	3.294708E-4	0.21843912
120706O2c1_LZ-MvD-0297-MabCampth-trypsin_007.mzXML	scan=1916	1916	CID	1294.6464	1	-19.789057	3	TKPREEQYNSTYRVVSVLTVLHQDWLNGKEYK	MabCampath(pre=K,post=C)	221	-31	3.3029297E-4	0.21898425
120706O2c1_LZ-MvD-0297-MabCampth-trypsin_007.mzXML	scan=234	234	HCD	496.26923	0	-0.73792744	2	PRTFGQGTK	MabCampath(pre=R,post=V)	3	-61	4.054625E-4	0.26882163
120706O2c1_LZ-MvD-0297-MabCampth-trypsin_007.mzXML	scan=540	540	HCD	729.36664	0	-0.7531411	2	AKGYTTEYNPSVK	MabCampath(pre=K,post=G)	6	-66	4.305117E-4	0.28542924
120706O2c1_LZ-MvD-0297-MabCampth-trypsin_007.mzXML	scan=2346	2346	HCD	643.86694	1	9.602611	4	VEIKRTVAAPSVFIFPPSDEQLK	MabCampath(pre=K,post=S)	58	-54	4.56383E-4	0.30258194
120706O2c1_LZ-MvD-0297-MabCampth-trypsin_007.mzXML	scan=2644	2644	HCD	841.75543	1	-3.384271	3	THTC+57.021PPC+57.021APELLGGPSVFLFPPK	MabCampath(pre=K,post=P)	39	-65	7.552999E-4	0.5007638
120706O2c1_LZ-MvD-0297-MabCampth-trypsin_007.mzXML	scan=556	556	HCD	536.0256	0	-0.11386611	4	HKVYAC+57.021EVTHQGLSSPVTK	MabCampath(pre=K,post=S)	37	-54	8.607161E-4	0.57065475
120706O2c1_LZ-MvD-0297-MabCampth-trypsin_007.mzXML	scan=1395	1395	HCD	711.05035	0	3.2618556	6	ASQNIDKYLNWYQQKPGKAPKLLIYNTNNLQTGVPSR	MabCampath(pre=K,post=F)	58	-101	9.4082445E-4	0.6237666
120706O2c1_LZ-MvD-0297-MabCampth-trypsin_007.mzXML	scan=2074	2074	HCD	1218.6432	1	-10.002278	3	AKGQPREPQVYTLPPSRDELTKNQVSLTC+57.021LVK	MabCampath(pre=K,post=G)	212	-73	0.0011793794	0.78192854
120706O2c1_LZ-MvD-0297-MabCampth-trypsin_007.mzXML	scan=2619	2619	HCD	841.7443	1	-16.586178	3	THTC+57.021PPC+57.021APELLGGPSVFLFPPK	MabCampath(pre=K,post=P)	58	-68	0.0012041188	0.79833084
120706O2c1_LZ-MvD-0297-MabCampth-trypsin_007.mzXML	scan=1456	1456	HCD	1041.0087	0	0.4690465	4	VQWKVDNALQSGNSQESVTEQDSKDSTYSLSSTLTLSK	MabCampath(pre=K,post=A)	43	-102	0.0012863262	0.8528343
120706O2c1_LZ-MvD-0297-MabCampth-trypsin_007.mzXML	scan=1383	1383	HCD	847.4152	1	7.0140867	3	EGHTAAPFDYWGQSLVTVSSASTK	MabCampath(pre=R,post=G)	44	-72	0.0013882986	0.920442
120706O2c1_LZ-MvD-0297-MabCampth-trypsin_007.mzXML	scan=1029	1029	HCD	729.87067	1	2.4700713	2	AKGYTTEYNPSVK	MabCampath(pre=K,post=G)	75	-58	0.001753456	1.1625413
120706O2c1_LZ-MvD-0297-MabCampth-trypsin_007.mzXML	scan=1030	1030	CID	729.87067	1	2.4700713	2	AKGYTTEYNPSVK	MabCampath(pre=K,post=G)	157	-54	0.0017874811	1.1851
120706O2c1_LZ-MvD-0297-MabCampth-trypsin_007.mzXML	scan=1912	1912	CID	971.237	1	-19.343922	4	TKPREEQYNSTYRVVSVLTVLHQDWLNGKEYK	MabCampath(pre=K,post=C)	226	-37	0.002333314	1.5469872
120706O2c1_LZ-MvD-0297-MabCampth-trypsin_007.mzXML	scan=2687	2687	HCD	847.418	1	10.328572	3	EGHTAAPFDYWGQSLVTVSSASTK	MabCampath(pre=R,post=G)	58	-74	0.0023509832	1.5587019
120706O2c1_LZ-MvD-0297-MabCampth-trypsin_007.mzXML	scan=2620	2620	CID	841.7443	1	-16.586178	3	THTC+57.021PPC+57.021APELLGGPSVFLFPPK	MabCampath(pre=K,post=P)	124	-30	0.002579028	1.7098956
120706O2c1_LZ-MvD-0297-MabCampth-trypsin_007.mzXML	scan=1911	1911	HCD	971.237	1	-19.343922	4	TKPREEQYNSTYRVVSVLTVLHQDWLNGKEYK	MabCampath(pre=K,post=C)	235	-64	0.002660012	1.763588
120706O2c1_LZ-MvD-0297-MabCampth-trypsin_007.mzXML	scan=2645	2645	CID	841.75543	1	-3.384271	3	THTC+57.021PPC+57.021APELLGGPSVFLFPPK	MabCampath(pre=K,post=P)	142	-35	0.004152025	2.7527926
120706O2c1_LZ-MvD-0297-MabCampth-trypsin_007.mzXML	scan=1915	1915	HCD	1294.6464	1	-19.789057	3	TKPREEQYNSTYRVVSVLTVLHQDWLNGKEYK	MabCampath(pre=K,post=C)	294	-74	0.0041842926	2.7741861
120706O2c1_LZ-MvD-0297-MabCampth-trypsin_007.mzXML	scan=2688	2688	CID	847.418	1	10.328572	3	EGHTAAPFDYWGQSLVTVSSASTK	MabCampath(pre=R,post=G)	144	-35	0.00441925	2.9299626
120706O2c1_LZ-MvD-0297-MabCampth-trypsin_007.mzXML	scan=1384	1384	CID	847.4152	1	7.0140867	3	EGHTAAPFDYWGQSLVTVSSASTK	MabCampath(pre=R,post=G)	179	-36	0.0059820693	3.966112
120706O2c1_LZ-MvD-0297-MabCampth-trypsin_007.mzXML	scan=2075	2075	CID	1218.6432	1	-10.002278	3	AKGQPREPQVYTLPPSRDELTKNQVSLTC+57.021LVK	MabCampath(pre=K,post=G)	227	-56	0.007505294	4.97601
